ID	DOCULECT	CONCEPT	VALUE	FORM	TOKENS	NOTE	COGNACY	COGID
279	OldNewari	I [first person singular]	je	dʑe	dʑ e		je	116
280	ClassicalNewari	I [first person singular]	je	dʑe	dʑ e		je	116
281	KathmanduNewari	I [first person singular]	ji	dʑi	dʑ i		je	116
282	DolakhaNewari	I [first person singular]	ji	dʑi	dʑ i		je	116
12	OldNewari	big	tava	tɑwo	t ɑ w o	ta- : tall, high, big	ta-	320
13	ClassicalNewari	big	taomā	tɑwoma	t ɑ w o m a	ta- : tall, high, big	ta-	320
14	KathmanduNewari	big	ta	tɔ	t ɔ	ta- : tall, high, big	ta-	320
15	ClassicalNewari	big	dhū ?	dʰu	dʰ u		dhu-	71
16	DolakhaNewari	big	ḍwākar-	ɖwakɑr	ɖ w a k ɑ r		dhu-	71
26	ClassicalNewari	black	hāku	haku	h a k u		hāk-	105
27	KathmanduNewari	black	hāku	haku	h a k u		hāk-	105
28	DolakhaNewari	black	hākar-(be.black)	hakɑr-	h a k ɑ r		hāk-	105
52	ClassicalNewari	cold (of temperature)	khvāṅu	kʰwaŋu	kʰ w a ŋ u		khvāṅu	156
53	KathmanduNewari	cold (of temperature)	khvāuṃ	kʰwãũ	kʰ w ãũ		khvāṅu	156
54	DolakhaNewari	cold (of temperature)	khwāṃgar	kʰwãgɑr	kʰ w ã g ɑ r		khvāṅu	156
55	ClassicalNewari	cold (of temperature)	ciku	tɕiku	tɕ i k u		ciku	44
56	KathmanduNewari	cold (of temperature)	ciku	tɕiku	tɕ i k u		ciku	44
57	DolakhaNewari	cold (of temperature)	cikār-	tɕikar-	tɕ i k a r		ciku	44
58	KathmanduNewari	cold (of temperature)	phvāuṃ	pʰwãũ	pʰ w ãũ		phvāuṃ	257
59	KathmanduNewari	cold (of temperature)	sitāṃga	sitãgɔ	s i t ã g ɔ		sitāṃga	295
94	OldNewari	dirty	koyāra	kojarɑ	k o j a r ɑ		koyāra	161
95	ClassicalNewari	dirty	koyāra	kojar	k o j a r		koyāra	161
96	OldNewari	dirty	hāko	hako	h a k o		hāko	107
97	ClassicalNewari	dirty	malina	mɑlin	m ɑ l i n		malina	196
98	ClassicalNewari	dirty	jel	dʑel	dʑ e l		jel	118
99	KathmanduNewari	dirty	pvahar	pohɔr	p o h ɔ r		pvahar/phvaḥr	272
100	KathmanduNewari	dirty	nhetul-	n̥etul-	n̥ e t u l		nhetul-	224
115	ClassicalNewari	dry	gan-	gɑn-	g ɑ n		gan-	85
116	KathmanduNewari	dry	gan-	gɔn-	g ɔ n		gan-	85
117	DolakhaNewari	dry	gān-	gan-	g a n		gan-	85
118	ClassicalNewari	dry	yiku	jiku	j i k u		yiku	357
119	DolakhaNewari	dry	pār-	par-	p a r		pār-	281
120	DolakhaNewari	dry	sut-	sut-	s u t		sut-	306
715	ClassicalNewari	early	nhāpāṃ	n̥apã	n̥ a p ã	OTib.snga	nhāpāṃ	227
716	KathmanduNewari	early	nhāpā	n̥apã	n̥ a p ã	OTib.snga	nhāpāṃ	227
717	ClassicalNewari	early	tevalaṃ	tewolã	t e w o l ã		tevalaṃ	326
718	DolakhaNewari	early	suni	suni	s u n i	morning, early to mid'	suni	304
138	OldNewari	eight	cyā	tɕja	tɕ j a	*b-rjat>rcja>cyā	cyā	59
139	ClassicalNewari	eight	cyā	tɕja	tɕ j a	*b-rjat>rcja>cyā	cyā	59
140	KathmanduNewari	eight	cyā	tɕja	tɕ j a	*b-rjat>rcja>cyā	cyā	59
141	DolakhaNewari	eight	cyā	tɕja	tɕ j a	*b-rjat>rcja>cyā	cyā	59
146	ClassicalNewari	far	tā	ta	t a	Sert à former: tā-pāk(tā-pāyā'far'), tā-pāle(adv. far off)	ta	319
147	KathmanduNewari	far	tāpā	tapa	t a p a	Sert à former: tā-pāk(tā-pāyā'far'), tā-pāle(adv. far off)	ta	319
148	DolakhaNewari	far	ṭāen	ʈaen	ʈ ae n	Sert à former: tā-pāk(tā-pāyā'far'), tā-pāle(adv. far off)	ta	319
162	OldNewari	five	ṅaṃ	ŋɑ̃	ŋ ɑ̃	anusvāra à cause de l'analogie de 3(soṃ)?	ṅā	372
163	ClassicalNewari	five	ṅa	ŋɑ	ŋ ɑ	anusvāra à cause de l'analogie de 3(soṃ)?	ṅā	372
164	KathmanduNewari	five	nyā	ɲa	ɲ a	anusvāra à cause de l'analogie de 3(soṃ)?	ṅā	372
165	DolakhaNewari	five	ṅā	ŋa	ŋ a	anusvāra à cause de l'analogie de 3(soṃ)?	ṅā	372
180	OldNewari	four	pe(ṃ)	pẽ	p ẽ	*blyi>*blcyi>*bcyi>*pcyi>*pi(c>y est bien constaté); anusvāra à cause de l'analogie de 3(soṃ)?	pe	248
181	ClassicalNewari	four	pe(ṃ)	pẽ	p ẽ	*blyi>*blcyi>*bcyi>*pcyi>*pi(c>y est bien constaté); anusvāra à cause de l'analogie de 3(soṃ)?	pe	248
182	KathmanduNewari	four	pe	pe	p e	*blyi>*blcyi>*bcyi>*pcyi>*pi(c>y est bien constaté); anusvāra à cause de l'analogie de 3(soṃ)?	pe	248
183	DolakhaNewari	four	pe(ṃ)	pẽ	p ẽ	*blyi>*blcyi>*bcyi>*pcyi>*pi(c>y est bien constaté); anusvāra à cause de l'analogie de 3(soṃ)?	pe	248
190	OldNewari	full	jāva	dʑawo	dʑ a w o		jāva	129
191	ClassicalNewari	full	jāva	dʑawo	dʑ a w o		jāva	129
192	KathmanduNewari	full	jāḥ	dʑa:	dʑ a:		jāva	129
193	ClassicalNewari	full	pvāpal	pwapɑl	p w a p ɑ l		pvāparaṃ	274
194	OldNewari	full	juseye	dʑuseje	dʑ u s e j e		juseye	124
195	KathmanduNewari	full	juse	dʑuse	dʑ u s e		juseye	124
196	DolakhaNewari	full	khār-	kʰar-	kʰ a r		khār-	158
197	KathmanduNewari	full	daṃ	dɔ̃	d ɔ̃		daṃ	65
198	DolakhaNewari	full	thikar-	tʰikɑr-	tʰ i k ɑ r		thikar-	329
203	OldNewari	good	khava	khawo	k h a w o	d'autres mots pour dire 'bon' : lag; mots comme bhiṅa sans doute dérivés de bhi'near', dans ce cas-là proche d'une hypothèse de l'étymologie de φίλος, *bhi- voulait dire au début 'proche', qui est aussi utilisé pour former l'instrumental du pluriel en sanskrit, e.g. aśva-bhis.	khava	144
204	OldNewari	good	bhiṃ	bʰĩ	bʰ ĩ		bhiṃ	8
205	ClassicalNewari	good	bhiṃ	bʰĩ	bʰ ĩ		bhiṃ	8
206	KathmanduNewari	good	bhiṃ	bʰĩ	bʰ ĩ		bhiṃ	8
207	ClassicalNewari	good	nīṅa	niŋ	n i ŋ		nīṅa	243
208	KathmanduNewari	good	jyū	dʑju	dʑ j u		jyū	127
209	KathmanduNewari	good	taḥji	ta:dʑi	t a: dʑ i		taḥji	325
210	KathmanduNewari	good	bes	bes	b e s		bes	5
211	DolakhaNewari	good	bāṃla-ku(bāṃlat-)	bãlɑku	b ã l ɑ k u		bāṃla-ku	26
217	OldNewari	green	vāṅu	waŋu	w a ŋ u		vāṅu	354
218	ClassicalNewari	green	vāṅu	waŋu	w a ŋ u		vāṅu	354
219	KathmanduNewari	green	vāuṃ	wãũ	w ãũ		vāṅu	354
220	DolakhaNewari	green	oṃgar-	õgɑr-	õ g ɑ r		vāṅu	354
801	ClassicalNewari	hard	chāka	tɕʰak	tɕʰ a k		chāka	38
802	KathmanduNewari	hard	chāḥ	tɕʰa:	tɕʰ a:		chāka	38
803	KathmanduNewari	hard	karā	kɔra	k ɔ r a		karā	133
804	ClassicalNewari	hard	kvācu	kwatɕu	k w a tɕ u		kvātu	171
805	KathmanduNewari	hard	kvātu	kwatu	k w a t u		kvātu	171
806	ClassicalNewari	hard	thākva	tʰako	tʰ a k o		thākva	333
229	OldNewari	he or she [third person singular]	o	o	o		o	244
230	KathmanduNewari	he or she [third person singular]	va	wo	w o		o	244
231	OldNewari	he or she [third person singular]	u	u	u		u	346
232	ClassicalNewari	he or she [third person singular]	u	u	u		u	346
233	DolakhaNewari	he or she [third person singular]	u	u	u		u	346
254	ClassicalNewari	heavy	jhyātu	dʑʰjatu	dʑʰ j a t u	<*ghyad-<*sgyad-, OC.杰，OTib.gyad	jhyātu	121
255	KathmanduNewari	heavy	jhyātu	dʑʰjatu	dʑʰ j a t u	<*ghyad-<*sgyad-, OC.杰，OTib.gyad	jhyātu	121
256	DolakhaNewari	heavy	jyātar-	dʑjatɑr-	dʑ j a t ɑ r	<*ghyad-<*sgyad-, OC.杰，OTib.gyad	jhyātu	121
257	KathmanduNewari	heavy	gen-	gen-	g e n		gen-	89
797	ClassicalNewari	high / tall	ta-omā	tɑ-woma	t ɑ w o m a	Beaucoup de mots dans ce sens sont formés à la base de ta-: tājāo, tava, taomā	ta-	320
798	KathmanduNewari	high / tall	taḥjāḥ	tɔ:dʑa:	t ɔ: dʑ a:	Beaucoup de mots dans ce sens sont formés à la base de ta-: tājāo, tava, taomā	ta-	320
799	DolakhaNewari	high / tall	ṭāhāgar-	ʈahagɑr-	ʈ a h a g ɑ r	Beaucoup de mots dans ce sens sont formés à la base de ta-: tājāo, tava, taomā	ta-	320
800	KathmanduNewari	high / tall	cvasi	tɕosi	tɕ o s i		cvasi	56
807	OldNewari	hot	kvākva	kwako	k w a k o		kvākva	169
808	ClassicalNewari	hot	kvāka	kwak	k w a k		kvākva	169
809	ClassicalNewari	hot	kvāt-	kwat-	k w a t		kvāt-	170
810	KathmanduNewari	hot	kvāḥ	kwa:	k w a:		kvāt-	170
811	DolakhaNewari	hot	kwāt-	kwat-	k w a t		kvāt-	170
812	ClassicalNewari	hot	lumu	lumu	l u m u		lumu	185
813	KathmanduNewari	hot	āpā	apa	a p a		āpā	362
814	KathmanduNewari	hot	garam	gɔrɔm	g ɔ r ɔ m		garam	86
815	KathmanduNewari	hot	hāpāu	hapaw	h a p a w		hāpāu	108
792	ClassicalNewari	inside	duhā	duha	d u h a	base du-(dans duṃthu, duhā)	du-	76
793	KathmanduNewari	inside	du-	du-	d u	base du-(dans duṃthu, duhā)	du-	76
794	DolakhaNewari	inside	dupān	dupan	d u p a n	base du-(dans duṃthu, duhā)	du-	76
795	KathmanduNewari	inside	sva	so	s o		sva	308
796	KathmanduNewari	inside	bhitray	bʰitrɔj	bʰ i t r ɔ j		bhitray	7
719	ClassicalNewari	late	li-bvāt-	li-bwat-	l i b w a t		libāt-	181
720	KathmanduNewari	late	li-bāye	libaje	l i b a j e		libāt-	181
721	DolakhaNewari	late	libāt-	libat-	l i b a t		libāt-	181
722	DolakhaNewari	late	bicara	bitɕɑrɑ	b i tɕ ɑ r ɑ		bicara	14
301	ClassicalNewari	left	khava	kʰawo	kʰ a w o	khawo' veut aussi dire 'correcte'	khao	140
302	KathmanduNewari	left	khava	kʰɔwo	kʰ ɔ w o	khawo' veut aussi dire 'correcte'	khao	140
303	DolakhaNewari	left	khau	kʰɑw	kʰ ɑ w	khawo' veut aussi dire 'correcte'	khao	140
304	ClassicalNewari	left	delapā	delɑpa	d e l ɑ p a		delapā	67
821	ClassicalNewari	light (of weight)	yāṅu	jaŋu	j a ŋ u		yāṅu	360
822	KathmanduNewari	light (of weight)	yāuṃ	jãũ	j ãũ		yāṅu	360
823	DolakhaNewari	light (of weight)	yeṃgar-	jẽgɑr-	j ẽ g ɑ r		yāṅu	360
308	ClassicalNewari	long	tā-hāo	ta-hawo	t a h a w o	Venant de tā'for a long time; far away'	tā-	342
309	KathmanduNewari	long	taḥpu	ta:pu	t a: p u	Venant de tā'for a long time; far away'	tā-	342
310	DolakhaNewari	long	ṭāhāgar-	ʈahagɑr-	ʈ a h a g ɑ r	Venant de tā'for a long time; far away'	tā-	342
320	OldNewari	many	tala	tɑlɑ	t ɑ l ɑ		tala	321
321	KathmanduNewari	many	taḥ-	ta:	t a:		tala	321
322	OldNewari	many	yekva	jeko	j e k o		yekva	355
323	ClassicalNewari	many	yeko	jeko	j e k o		yekva	355
324	KathmanduNewari	many	yekva	jeko	j e k o		yekva	355
325	DolakhaNewari	many	yeku/yekku	jeku	j e k u		yekva	355
326	KathmanduNewari	many	apālaṃ	ɔpalɔ̃	ɔ p a l ɔ̃			1
327	KathmanduNewari	many	uli	uli	u l i		uli	348
328	KathmanduNewari	many	gvārra	gwar:a	g w a r: a		gvārra/gvālla	95
329	DolakhaNewari	many	gatkeṅ	gɑtkeŋ	g ɑ t k e ŋ		gatkeṅ	87
330	DolakhaNewari	many	thupra	tʰuprɑ	tʰ u p r ɑ		thupra	331
331	DolakhaNewari	many	biṅkeṅ	biŋkeŋ	b i ŋ k e ŋ		biṅkeṅ	17
782	OldNewari	middle	dathu	dɑtʰu	d ɑ tʰ u	base da-	da-thu	64
783	ClassicalNewari	middle	dathu	dɑtʰu	d ɑ tʰ u	base da-	da-thu	64
784	KathmanduNewari	middle	dathu	dɔtʰu	d ɔ tʰ u	base da-	da-thu	64
785	DolakhaNewari	middle	dāti	dati	d a t i	base da-	da-thu	64
786	ClassicalNewari	middle	jaṃ	dʑɑ̃	dʑ ɑ̃		jaṃ	115
787	KathmanduNewari	middle	jaṃ	dʑɔ̃	dʑ ɔ̃		jaṃ	115
754	OldNewari	morning	sunilā	sunila	s u n i l a	Beaucoup de mots dans ce sens sont formés à la base de su-	suni	304
755	ClassicalNewari	morning	suthaṃ	sutʰɑ̃	s u tʰ ɑ̃	Beaucoup de mots dans ce sens sont formés à la base de su-	suni	304
756	DolakhaNewari	morning	suni	suni	s u n i	Beaucoup de mots dans ce sens sont formés à la base de su-	suni	304
757	ClassicalNewari	morning	na	nɑ	n ɑ		na	214
758	KathmanduNewari	morning	bānhi	ban̥i	b a n̥ i		bānhi	25
363	KathmanduNewari	narrow	cibālā	tɕibala	tɕ i b a l a	sanskritisé	cibālā	41
364	OldNewari	near	samīp	sɑmip	s ɑ m i p		sanipa	286
365	ClassicalNewari	near	sanipa	sɑnip	s ɑ n i p		sanipa	286
366	ClassicalNewari	near	binaṃ	binɑ̃	b i n ɑ̃		binaṃ	15
367	ClassicalNewari	near	bhi	bʰi	bʰ i		bhi	6
368	KathmanduNewari	near	thāy	tʰaj	tʰ a j	(postp.)	thāy	335
369	KathmanduNewari	near	nāpa	napɔ	n a p ɔ	(pp.)	nāpa(ṃ)	240
370	KathmanduNewari	near	phusay	pʰusɔj	pʰ u s ɔ j	(pp.)	phusay	255
371	ClassicalNewari	near	antala	ɑntɑl	ɑ n t ɑ l		antala	3
372	KathmanduNewari	near	likka	lik:ɔ	l i k: ɔ	(adv.)	likka	182
373	ClassicalNewari	near	pāsa	pas	p a s		pāsa	282
374	ClassicalNewari	near	nikata	nikɑt	n i k ɑ t		nikata	230
375	ClassicalNewari	near	srapaṭeṅa	srɑpɑteŋ	s r ɑ p ɑ t e ŋ		srapaṭeṅa	300
376	KathmanduNewari	near	satika	sɔtikɔ	s ɔ t i k ɔ		srapaṭeṅa	300
388	OldNewari	new	nhola	n̥olɑ	n̥ o l ɑ		nhol-	226
389	ClassicalNewari	new	nhula	n̥ul	n̥ u l		nhol-	226
390	KathmanduNewari	new	nhū	n̥u:	n̥ u:		nhol-	226
391	DolakhaNewari	new	nulu	nulu	n u l u		nhol-	226
392	OldNewari	new	naka	nɑkɑ	n ɑ k ɑ		naka	216
393	ClassicalNewari	new	naka	nɑk	n ɑ k		naka	216
394	KathmanduNewari	new	naḥ	nɔ:	n ɔ:		naka	216
395	ClassicalNewari	nine	gu(ṃ)	gu	g u		gu	92
396	KathmanduNewari	nine	guṃ	gũ	g ũ		gu	92
397	DolakhaNewari	nine	gu	gu	g u		gu	92
402	OldNewari	old (of person)	jyāṭha	dʑjatʰɑ	dʑ j a tʰ ɑ		jyāṭha	126
403	ClassicalNewari	old (of person)	jyāṭha	dʑjatʰ	dʑ j a tʰ		jyāṭha	126
404	ClassicalNewari	old (of person)	purāna	puran	p u r a n		purāna	269
405	ClassicalNewari	old (of person)	suhupāla	suhupal	s u h u p a l	Souvent sanskritisé en jyātha<jyeṣṭha	suhupāla	302
406	KathmanduNewari	old (of person)	simsim	simsim	s i m s i m		simsim	293
407	KathmanduNewari	old (of person)	pulāṃ	pulã	p u l ã		pulāṃ	267
408	OldNewari	one	chi	tɕʰi	tɕʰ i	*thi>ON.cha, vu qu'on a t'>c	chi	35
409	ClassicalNewari	one	chi	tɕʰi	tɕʰ i	*thi>ON.cha, vu qu'on a t'>c	chi	35
410	KathmanduNewari	one	cha	tɕʰɑ	tɕʰ ɑ	*thi>ON.cha, vu qu'on a t'>c	chi	35
411	DolakhaNewari	one	thi	tʰi	tʰ i	*thi>ON.cha, vu qu'on a t'>c	chi	35
788	ClassicalNewari	outside	de	de	d e	base de-, pi-	de	66
789	ClassicalNewari	outside	pi(ṃ)	pi	p i		pi-	260
790	KathmanduNewari	outside	pine	pine	p i n e		pi-	260
791	DolakhaNewari	outside	pipāna	pinanɑ	p i n a n ɑ		pi-	260
433	OldNewari	red	hyāṅu	hjaŋu	h j a ŋ u		hyāṅu	103
434	ClassicalNewari	red	hyāṅu	hjaŋu	h j a ŋ u		hyāṅu	103
435	KathmanduNewari	red	hyāuṃ	hjãũ	h j ãũ		hyāṅu	103
436	KathmanduNewari	red	hemguli	hemguli	h e m g u l i		hemguli	99
437	DolakhaNewari	red	heṃgar-	hẽgɑr-	h ẽ g ɑ r		hemguli	99
443	ClassicalNewari	right	jao	dʑɑwo	dʑ ɑ w o	OTib.g.yas pa	jao	113
444	KathmanduNewari	right	java	dʑɔwo	dʑ ɔ w o	OTib.g.yas pa	jao	113
445	DolakhaNewari	right	jau	dʑɑw	dʑ ɑ w	OTib.g.yas pa	jao	113
462	ClassicalNewari	round	ṅu	ŋu	ŋ u		ṅu	370
463	KathmanduNewari	round	cākalāḥ	tɕakɔla:	tɕ a k ɔ l a:		cākalāḥ	62
464	DolakhaNewari	round	gwārtāk	gwartak	g w a r t a k		gwārtāk	96
465	DolakhaNewari	round	yārling	jarliŋ	j a r l i ŋ	(earring,large,round)	yārling	359
489	OldNewari	seven	nhasa	n̥ɑsɑ	n̥ ɑ s ɑ	Japh.kɯɕnɯz	nhasa	223
490	ClassicalNewari	seven	nhas	n̥ɑs	n̥ ɑ s	Japh.kɯɕnɯz	nhasa	223
491	KathmanduNewari	seven	nhay	n̥ɔj	n̥ ɔ j	Japh.kɯɕnɯz	nhasa	223
492	DolakhaNewari	seven	nas	nɑs	n ɑ s	Japh.kɯɕnɯz	nhasa	223
493	ClassicalNewari	sharp	khara	kʰɑr	kʰ ɑ r	autre mots: jayāva, chāk(lié à chāṅ?)	khara/khala	142
494	ClassicalNewari	sharp	jeka	dʑek	dʑ e k		jeka	117
495	ClassicalNewari	sharp	chāṅ	tɕʰaŋ	tɕʰ a ŋ		chāṅ	39
496	KathmanduNewari	sharp	jal-	dʑɔl-	dʑ ɔ l		jar-	114
497	DolakhaNewari	sharp	jar-	dʑɑr-	dʑ ɑ r		jar-	114
498	ClassicalNewari	sharp	cvāmuse	tɕwamuse	tɕ w a m u s e		cvāmuse	57
499	KathmanduNewari	sharp	cvāmu	tɕwamu	tɕ w a m u		cvāmuse	57
500	DolakhaNewari	sharp	cumbar-	tɕumbɑr-	tɕ u m b ɑ r		cumbar-	52
503	ClassicalNewari	short	putihāka	putihak	p u t i h a k	Deux racines: ci'small', pati.	putihāka	271
504	KathmanduNewari	short	putihākaḥ	putihakɔ:	p u t i h a k ɔ:	Deux racines: ci'small', pati.	putihāka	271
505	ClassicalNewari	short	ciki-dhika	tɕikidʰik	tɕ i k i dʰ i k		cikudhik	45
506	KathmanduNewari	short	citvāḥ	tɕitwa:	tɕ i t w a:		citvāḥ	47
507	KathmanduNewari	short	cicāhāḥ	tɕitɕaha:	tɕ i tɕ a h a:		cicāhāḥ	43
521	OldNewari	six	khu	kʰu	kʰ u		khu	152
522	KathmanduNewari	six	khu	kʰu	kʰ u		khu	152
523	DolakhaNewari	six	khu	kʰu	kʰ u		khu	152
533	OldNewari	small	cā	tɕa	tɕ a	cā ou ci- est la forme basique, sans doute relationné à OTib.tsa mo,OC.子(*ts- et *c- se sont confondus?); ou Japh.xtɕi	cā	61
534	ClassicalNewari	small	ca	tɕɑ	tɕ ɑ	cā ou ci- est la forme basique, sans doute relationné à OTib.tsa mo,OC.子(*ts- et *c- se sont confondus?); ou Japh.xtɕi	cā	61
535	DolakhaNewari	small	cicā-	tɕitɕa-	tɕ i tɕ a	cā ou ci- est la forme basique, sans doute relationné à OTib.tsa mo,OC.子(*ts- et *c- se sont confondus?); ou Japh.xtɕi	cā	61
536	ClassicalNewari	small	ciku	tɕiku	tɕ i k u		ciku	44
537	KathmanduNewari	small	ciku	tɕiku	tɕ i k u		ciku	44
816	ClassicalNewari	soft	nāyu	nayu	n a j u	Autres mots en Kathmandu: maluvā, syācu	nāyu	241
817	KathmanduNewari	soft	nāyu	nayu	n a j u	Autres mots en Kathmandu: maluvā, syācu	nāyu	241
818	KathmanduNewari	soft	kyātu	kyatu	k j a t u		kyātu	173
819	DolakhaNewari	soft	kyātar-	kyatɑr-	k j a t ɑ r		kyātu	173
820	KathmanduNewari	soft	bhvāsā	bʰwasa	bʰ w a s a		bhvāsā	10
583	OldNewari	straight	soja	sodʑɑ	s o dʑ ɑ	straight-forward	soja	298
584	ClassicalNewari	straight	ta-pyaṅ	tɑ-peŋ	t ɑ p e ŋ		tapyaṅ	322
585	KathmanduNewari	straight	tapyāṃ	tɔpjã	t ɔ p j ã		tapyaṅ	322
586	DolakhaNewari	straight	ṭikret-	ʈikret-	ʈ i k r e t		ṭikret-	376
598	OldNewari	ten	jī	dʑi	dʑ i	jim- dans 11-19: jimcha；OC.十	ji	122
599	ClassicalNewari	ten	jigo	dʑigo	dʑ i g o	jim- dans 11-19: jimcha；OC.十	ji	122
600	KathmanduNewari	ten	jhiṃ	dʑʰĩ	dʑʰ ĩ	jim- dans 11-19: jimcha；OC.十	ji	122
601	DolakhaNewari	ten	j(h)i	dʑi	dʑ i	jim- dans 11-19: jimcha；OC.十	ji	122
705	ClassicalNewari	the ant	sapāni	sɑpani	s ɑ p a n i	sapāni veut dire 'a kind of small red ant' en Kathmandu, donc sans doute il s'agit aussi d'un type spécial de fourmis en ON	sapāni	287
706	KathmanduNewari	the ant	sapāni	sɑpani	s ɑ p a n i	sapāni veut dire 'a kind of small red ant' en Kathmandu, donc sans doute il s'agit aussi d'un type spécial de fourmis en ON	sapāni	287
707	ClassicalNewari	the ant	kumicā	kumica	k u m i c a		kumicā	164
708	KathmanduNewari	the ant	kumicā	kumica	k u m i c a		kumicā	164
709	KathmanduNewari	the ant	nyāi	njaj	n j a j		nyāi	235
710	DolakhaNewari	the ant	ciku	tɕiku	tɕ i k u	(ON.ciku'small')	ciku	44
763	ClassicalNewari	the bamboo	paṃta	pɑ̃tɑ	p ɑ̃ t ɑ		paṃta	247
764	KathmanduNewari	the bamboo	paṃ	pɔ̃	p ɔ̃		paṃta	247
765	DolakhaNewari	the bamboo	poṃṭa	põʈɑ	p õ ʈ ɑ		paṃta	247
766	ClassicalNewari	the bamboo	pak-si	pɑk-si	p ɑ k s i		paksi	246
5	ClassicalNewari	the belly	pvāta	pwat	p w a t		pvāt-	275
6	KathmanduNewari	the belly	pvāḥ	pwaː	p w aː		pvāt-	275
7	OldNewari	the belly	phū	pʰu	pʰ u	OTib. pho ba	phu	254
8	ClassicalNewari	the belly	phu	pʰu	pʰ u	OTib. pho ba	phu	254
9	OldNewari	the belly	pyaṃṭa	pjẽʈɑ	p j ẽ ʈ ɑ		pyaṃṭa	276
10	ClassicalNewari	the belly	peta	pet	p e t		pyaṃṭa	276
11	DolakhaNewari	the belly	pyāṭā	pjaʈa	p j a ʈ a		pyaṃṭa	276
17	ClassicalNewari	the bird	jhaṅgala	dʑʰɑgɑl	dʑʰ ɑ g ɑ l		jhaṅgal	120
18	KathmanduNewari	the bird	jhaṃgaḥ	dʑʰɔ̃gɔ:	dʑʰ ɔ̃ g ɔ:		jhaṅgal	120
19	DolakhaNewari	the bird	jāṅal	dʑʰaŋɑl	dʑʰ a ŋ ɑ l		jhaṅgal	120
20	DolakhaNewari	the bird	ciḍiya	tɕiɖiyɑ	tɕ i ɖ i j ɑ		ciḍiya	48
29	OldNewari	the blood	hī	hi	h i		hi	100
30	ClassicalNewari	the blood	hi	hi	h i		hi	100
31	KathmanduNewari	the blood	hi	hi	h i		hi	100
32	DolakhaNewari	the blood	hi	hi	h i		hi	100
33	OldNewari	the bone	kvas	kos	k o s		kvas	168
34	ClassicalNewari	the bone	kosa	kos	k o s		kvas	168
35	KathmanduNewari	the bone	kvayṃ	kɔ̃ĩ	k ɔ̃ĩ		kvas	168
36	DolakhaNewari	the bone	koṃsa	kõsɑ	k õ s ɑ		kvas	168
37	ClassicalNewari	the branch	kacā	kɑtɕa	k ɑ tɕ a	အကိုင်း • (a.kuing:)	kacā	130
38	KathmanduNewari	the branch	kacā	kɔtɕa	k ɔ tɕ a	အကိုင်း • (a.kuing:)	kacā	130
39	DolakhaNewari	the branch	kāṃcā	kãtɕa	k ã tɕ a	အကိုင်း • (a.kuing:)	kacā	130
40	ClassicalNewari	the breast (female)	putanu	putɑnu	p u t ɑ n u		putanu	270
41	KathmanduNewari	the breast (female)	tutu	tutu	t u t u		tutu	338
49	ClassicalNewari	the cloud	śu	su	s u		su	301
50	KathmanduNewari	the cloud	kha-su	kʰɔ-su	kʰ ɔ s u		su	301
51	DolakhaNewari	the cloud	kho-su	kʰo-su	kʰ o s u		su	301
749	KathmanduNewari	the dew	suti	suti	s u t i	0 attestation, seulement trouvé en Kathmandu, et la forme est clairement dérivée de su'cloud; raindrop'	suti	307
750	KathmanduNewari	the dew	vas	wos	w o s		vas	351
101	OldNewari	the dog	khicā	kʰitɕa	kʰ i tɕ a	OTib. khyi	khi-	147
102	ClassicalNewari	the dog	khina	kʰin	kʰ i n	OTib. khyi	khi-	147
103	KathmanduNewari	the dog	khicā	kʰitɕa	kʰ i tɕ a	OTib. khyi	khi-	147
104	DolakhaNewari	the dog	khicā	kʰitɕa	kʰ i tɕ a	OTib. khyi	khi-	147
105	ClassicalNewari	the dog	svapī	sopi	s o p i		svapī	310
106	OldNewari	the dog	co	tɕo	tɕ o		co	49
107	OldNewari	the dream	mhaṃgva	m̥ɑ̃go	m̥ ɑ̃ g o	<*smang, OTib. rmang	mhaṃg-	199
108	ClassicalNewari	the dream	mhagas	m̥ɑ̃gɑs	m̥ ɑ̃ g ɑ s	<*smang, OTib. rmang	mhaṃg-	199
109	KathmanduNewari	the dream	mhagasa	m̥ɔgɔsɔ	m̥ ɔ g ɔ s ɔ	<*smang, OTib. rmang	mhaṃg-	199
110	DolakhaNewari	the dream	māṅas	maŋɑs	m a ŋ ɑ s	<*smang, OTib. rmang	mhaṃg-	199
121	ClassicalNewari	the dust	dhūra	dʰur	dʰ u r		dhu-	71
122	KathmanduNewari	the dust	dhū	dʰu:	dʰ u:		dhu-	71
123	ClassicalNewari	the dust	ku	ku	k u		ku	162
124	KathmanduNewari	the dust	khāg	kʰag	kʰ a g		khāg	157
125	ClassicalNewari	the ear	nhasa	n̥ɑs	n̥ ɑ s	nhaś-ana fait à cause de l'homophonie de nhasa'7'?	nhas-	222
126	KathmanduNewari	the ear	nhāypaṃ	n̥ajpɔ̃	n̥ a j p ɔ̃	nhaś-ana fait à cause de l'homophonie de nhasa'7'?	nhas-	222
127	DolakhaNewari	the ear	naspuṭi	nɑspuʈi	n ɑ s p u ʈ i	nhaś-ana fait à cause de l'homophonie de nhasa'7'?	nhas-	222
128	ClassicalNewari	the earth (soil)	cā	tɕa	tɕ a		cā	61
129	KathmanduNewari	the earth (soil)	cā	tɕa	tɕ a		cā	61
130	OldNewari	the earth (soil)	khapāye	kʰɑpaje	kʰ ɑ p a j e		khapāye	141
135	ClassicalNewari	the egg	kheṃja	kʰẽdʑ	kʰ ẽ dʑ	ṣ est parfois utilisé pour transcire kh(Jorg 1936, 9)	kheṃja	145
136	KathmanduNewari	the egg	kheṃ	kʰẽ	kʰ ẽ	ṣ est parfois utilisé pour transcire kh(Jorg 1936, 9)	kheṃja	145
137	DolakhaNewari	the egg	kheṃja	kʰẽdʑɑ	kʰ ẽ dʑ ɑ	ṣ est parfois utilisé pour transcire kh(Jorg 1936, 9)	kheṃja	145
142	OldNewari	the eye	mi	mi	m i	OTib.mig	mi	205
143	ClassicalNewari	the eye	mi	mi	m i	OTib.mig	mi	205
144	KathmanduNewari	the eye	mi-khā	mi-kʰa	m i kʰ a	OTib.mig	mi	205
145	DolakhaNewari	the eye	mikhā	mikʰa	m i kʰ a	OTib.mig	mi	205
149	ClassicalNewari	the feather	pā	pa	p a	 'wing' dans Jorg 1936	pā	278
150	KathmanduNewari	the feather	pā	pa	p a	 'wing' dans Jorg 1936	pā	278
151	DolakhaNewari	the feather	khapa	kʰɑpɑ	kʰ ɑ p ɑ	 'wing' dans Jorg 1936	pā	278
155	OldNewari	the fire	me	me	m e	OTib.me, Japh. smi	me	197
156	ClassicalNewari	the fire	mi	mi	m i	OTib.me, Japh. smi	me	197
157	KathmanduNewari	the fire	mi	mi	m i	OTib.me, Japh. smi	me	197
158	DolakhaNewari	the fire	mi	mi	m i	OTib.me, Japh. smi	me	197
159	ClassicalNewari	the fish	ṅā	ŋa	ŋ a	OTib.nya, OC.鱼*[r.ŋ]a	ṅā-	373
160	KathmanduNewari	the fish	nyā	ɲa	ɲ a	OTib.nya, OC.鱼*[r.ŋ]a	ṅā-	373
161	DolakhaNewari	the fish	ṅā	ŋa	ŋ a	OTib.nya, OC.鱼*[r.ŋ]a	ṅā-	373
775	ClassicalNewari	the flea	kuśī	kusi	k u s i	OTib.shig, OC.虱	kusi	165
776	KathmanduNewari	the flea	kusi	kusi	k u s i	OTib.shig, OC.虱	kusi	165
777	DolakhaNewari	the flea	kusi	kusi	k u s i	OTib.shig, OC.虱	kusi	165
166	OldNewari	the flower	svāna	swanɑ	s w a n ɑ	Skt.sumanā	svān	313
167	ClassicalNewari	the flower	svān	swan	s w a n	Skt.sumanā	svān	313
168	KathmanduNewari	the flower	svāṃ	swã	s w ã	Skt.sumanā	svān	313
169	DolakhaNewari	the flower	sona	sonɑ	s o n ɑ	Skt.sumanā	svān	313
170	ClassicalNewari	the flower	bo	bo	b o		bo	18
174	ClassicalNewari	the foot	ṛ	ri	r i	(tuti en ON'leg')	ri	284
175	KathmanduNewari	the foot	pāli	pali	p a l i	(tuti en ON'leg')	ri	284
176	DolakhaNewari	the foot	ṭuṭi	ʈuʈi	ʈ u ʈ i	(tuti en ON'leg')	ri	284
177	ClassicalNewari	the forest	guṃ	gũ	g ũ	guṃ pour 'montagne' aussi	guṃ	94
178	KathmanduNewari	the forest	guṃ	gũ	g ũ	guṃ pour 'montagne' aussi	guṃ	94
179	DolakhaNewari	the forest	ban	bɑn	b ɑ n		ban	4
734	ClassicalNewari	the frog	byāṅa	bjaŋ	b j a ŋ		byāṅ	23
735	KathmanduNewari	the frog	byāṃ	bjã	b j ã		byāṅ	23
736	DolakhaNewari	the frog	kwākar-beṅ	kwakɑr-beŋ	k w a k ɑ r b e ŋ		byāṅ	23
771	ClassicalNewari	the front (front side)	ṅha-phucā	ŋ̥ɑ-pʰutɕa	ŋ̥ ɑ pʰ u tɕ a	OTib.snga	ṅha-	366
772	ClassicalNewari	the front (front side)	piva	piwo	p i w o		piva	263
773	KathmanduNewari	the front (front side)	khvāḥ(khvāla-)	kʰwa:	kʰ w a:		khvāla-	154
774	DolakhaNewari	the front (front side)	hākhena	hakʰenɑ	h a kʰ e n ɑ		hākhena	106
184	OldNewari	the fruit	se	se	s e		se	289
185	ClassicalNewari	the fruit	se	se	s e		se	289
186	KathmanduNewari	the fruit	si	si	s i		se	289
187	DolakhaNewari	the fruit	sir-	sir-	s i r		se	289
188	OldNewari	the fruit	lāgu	lagu	l a g u		lāgu	192
189	DolakhaNewari	the fruit	pāṅ,paiṅgu	paŋ	p a ŋ		pāṅ	283
725	KathmanduNewari	the goat	khasi	kʰɔsi	kʰ ɔ s i	Selon DCN, colas veut dire'she-goat', mais Jorg 1936 suggère mā-colas pour exprimer le féminin.	khasi	143
726	DolakhaNewari	the goat	khasi	kʰɑsi	kʰ ɑ s i	Selon DCN, colas veut dire'she-goat', mais Jorg 1936 suggère mā-colas pour exprimer le féminin.	khasi	143
727	OldNewari	the goat	cvalasa	tɕolɑsɑ	tɕ o l ɑ s ɑ		cvalasa	55
728	ClassicalNewari	the goat	corasa	tɕorɑs	tɕ o r ɑ s		cvalasa	55
729	KathmanduNewari	the goat	cvalay	tɕolɔj	tɕ o l ɔ j		cvalasa	55
730	OldNewari	the goat	dū	du	d u	male	du	75
731	ClassicalNewari	the goat	du-gu	du-gu	d u g u	male	du	75
732	KathmanduNewari	the goat	dugu	dugu	d u g u	male	du	75
733	DolakhaNewari	the goat	duku	duku	d u k u	male	du	75
212	OldNewari	the grass	busa	busɑ	b u s ɑ	busya=bo+se?	busa	22
213	ClassicalNewari	the grass	busya	buse	b u s e	busya=bo+se?	busa	22
214	ClassicalNewari	the grass	ghās	gʰas	gʰ a s		ghās	91
215	KathmanduNewari	the grass	ghāyṃ	gʰãĩ	gʰ ãĩ		ghās	91
216	DolakhaNewari	the grass	situgāṃs	situgãs	s i t u g ã s		ghās	91
745	OldNewari	the hail	pvā	pwa	p w a	Situ.tajpa; tarpam: selon DCN, une étymologie de va,ya dans un mot est le groupe des consonnes initial: g-sum vs svaṃ.	pvaṃ	273
746	ClassicalNewari	the hail	pva	po	p o	Situ.tajpa; tarpam: selon DCN, une étymologie de va,ya dans un mot est le groupe des consonnes initial: g-sum vs svaṃ.	pvaṃ	273
747	KathmanduNewari	the hail	pvaṃ	põ	p õ	Situ.tajpa; tarpam: selon DCN, une étymologie de va,ya dans un mot est le groupe des consonnes initial: g-sum vs svaṃ.	pvaṃ	273
748	DolakhaNewari	the hail	poṃ	põ	p õ	Situ.tajpa; tarpam: selon DCN, une étymologie de va,ya dans un mot est le groupe des consonnes initial: g-sum vs svaṃ.	pvaṃ	273
221	OldNewari	the hair (of the head)	saṃ	sɑ̃	s ɑ̃		saṃ	288
222	ClassicalNewari	the hair (of the head)	śā	sa	s a		saṃ	288
223	KathmanduNewari	the hair (of the head)	saṃ	sɔ̃	s ɔ̃		saṃ	288
224	DolakhaNewari	the hair (of the head)	sāṃ	sã	s ã		saṃ	288
225	OldNewari	the hand	lā	la	l a	OTib. lag pa	lā	191
226	ClassicalNewari	the hand	lā	la	l a	OTib. lag pa	lā	191
227	KathmanduNewari	the hand	lhāḥ	l̥a:	l̥ a:	OTib. lag pa	lā	191
228	DolakhaNewari	the hand	lāhā	laha	l a h a	OTib. lag pa	lā	191
234	ClassicalNewari	the head	chera	tɕʰer	tɕʰ e r		cher	33
235	KathmanduNewari	the head	chyaṃ	tɕʰẽ	tɕʰ ẽ		cher	33
236	DolakhaNewari	the head	cher	tɕʰer	tɕʰ e r		cher	33
237	ClassicalNewari	the head	mol	mol	m o l		mol	207
238	KathmanduNewari	the head	mvaḥ	mo:	m o:		mol	207
239	DolakhaNewari	the head	kāpal	kapɑl	k a p ɑ l		kāpal	174
247	ClassicalNewari	the heart	nugara	nugɑr	n u g ɑ r		nugar	234
248	KathmanduNewari	the heart	nugaḥ	nuga:	n u g a:		nugar	234
249	DolakhaNewari	the heart	nugar	nugɑr	n u g ɑ r		nugar	234
250	OldNewari	the heart	luṃdaṃta	lũdɑ̃tɑ	l ũ d ɑ̃ t ɑ		luṃdaṃta	187
251	ClassicalNewari	the heart	luṃgoḍa	lũgoɖ	l ũ g o ɖ		luṃdaṃta	187
252	ClassicalNewari	the heart	ula	ul	u l		ula	347
253	ClassicalNewari	the heart	hṛdi	hridi	h r i d i		hṛdi	111
268	ClassicalNewari	the horn (keratinized skin)	ṅā	ŋa	ŋ a		ṅā	372
269	ClassicalNewari	the horn (keratinized skin)	nikhuta	nikʰut	n i kʰ u t		nikhuta	231
270	KathmanduNewari	the horn (keratinized skin)	nekū	neku:	n e k u:		nikhuta	231
271	DolakhaNewari	the horn (keratinized skin)	sānahi	sanɑhi	s a n ɑ h i	(musical)	sānahi	318
272	OldNewari	the house	che(ṃ)	tɕʰẽ	tɕʰ ẽ	ce aussi attesté	cheṃ	34
273	ClassicalNewari	the house	che	tɕʰe	tɕʰ e	ce aussi attesté	cheṃ	34
274	KathmanduNewari	the house	cheṃ	tɕʰẽ	tɕʰ ẽ	ce aussi attesté	cheṃ	34
275	DolakhaNewari	the house	cheṃ	tɕʰẽ	tɕʰ ẽ	ce aussi attesté	cheṃ	34
287	OldNewari	the knee	paulṛ	poli	p o l i	Sans doute lié à ṛ/ḷ'foot'	poli	265
288	ClassicalNewari	the knee	pvaḷ	poli	p o l i	Sans doute lié à ṛ/ḷ'foot'	poli	265
289	KathmanduNewari	the knee	puli	puli	p u l i	Sans doute lié à ṛ/ḷ'foot'	poli	265
294	OldNewari	the leaf	hala	hɑlɑ	h ɑ l ɑ		hala	98
295	ClassicalNewari	the leaf	halā	hɑla	h ɑ l a		hala	98
296	KathmanduNewari	the leaf	haḥ	hɔ:	h ɔ:		hala	98
297	KathmanduNewari	the leaf	pānā	pana	p a n a		pānā	280
298	KathmanduNewari	the leaf	pau	pɔw	p ɔ w		po	264
299	DolakhaNewari	the leaf	lapti	lɑpti	l ɑ p t i		lapti	178
300	DolakhaNewari	the leaf	pālkā	palka	p a l k a		pālkā	279
751	OldNewari	the lip (the lips)	śī	si	s i		si	290
752	ClassicalNewari	the lip (the lips)	mhuthu-si	m̥utʰu-si	m̥ u tʰ u s i		si	290
753	KathmanduNewari	the lip (the lips)	si	si	s i		si	290
305	ClassicalNewari	the liver	se	se	s e		se	289
306	KathmanduNewari	the liver	seṃ	sẽ	s ẽ		se	289
307	DolakhaNewari	the liver	sēlā	sela	s e l a		se	289
311	ClassicalNewari	the louse	śi	si	s i	OTib.shig, OC.虱	si	290
312	KathmanduNewari	the louse	si	si	s i	OTib.shig, OC.虱	si	290
313	DolakhaNewari	the louse	si	si	s i	OTib.shig, OC.虱	si	290
314	KathmanduNewari	the louse	nyāu	njaw	n j a w		nyāu	237
315	KathmanduNewari	the louse	bibi	bibi	b i b i		bibi	13
316	KathmanduNewari	the louse	bubu	bubu	b u b u		bubu	21
723	ClassicalNewari	the lung	svaṃ	sõ	s õ		so	296
724	KathmanduNewari	the lung	svaṃ	sõ	s õ		so	296
317	OldNewari	the man (male human)	mi(ṃ)	mi	m i	OTib.mi, Japh. rmi	mi	205
318	KathmanduNewari	the man (male human)	mi	mi	m i	OTib.mi, Japh. rmi	mi	205
319	DolakhaNewari	the man (male human)	mi	mi	m i	OTib.mi, Japh. rmi	mi	205
332	OldNewari	the meat	lā	la	l a	lā est le terme général, d'autres types de viande : dhusu'boiled meat', khune(boiled or stewed), kālā(fried meat)	lā	191
333	ClassicalNewari	the meat	rā	ra	r a	lā est le terme général, d'autres types de viande : dhusu'boiled meat', khune(boiled or stewed), kālā(fried meat)	lā	191
334	KathmanduNewari	the meat	lā	la	l a	lā est le terme général, d'autres types de viande : dhusu'boiled meat', khune(boiled or stewed), kālā(fried meat)	lā	191
335	KathmanduNewari	the meat	māṃsa	mãsɑ	m ã s ɑ		māṃsa	213
336	KathmanduNewari	the meat	cici	tɕitɕi	tɕ i tɕ i		cici	42
337	DolakhaNewari	the meat	thoṃsi	tʰõsi	tʰ õ s i		thoṃsi	330
338	KathmanduNewari	the meat	syā	sja	s j a		syā	314
339	ClassicalNewari	the moon	merā	mera	m e r a	rā'month'; Dol. melā'festival'	merā	198
340	KathmanduNewari	the moon	milā	mila	m i l a	rā'month'; Dol. melā'festival'	merā	198
341	DolakhaNewari	the moon	nemlā	nemla	n e m l a	rā'month'; Dol. melā'festival'	merā	198
342	KathmanduNewari	the moon	lani	lɑni	l ɑ n i		lani	177
343	ClassicalNewari	the mountain	guṃ	gũ	g ũ	Kathmandu: seulement dans guṃcva'mountain top', co vs. tib.tog)	guṃ	94
344	KathmanduNewari	the mountain	guṃ	gũ	g ũ	Kathmandu: seulement dans guṃcva'mountain top', co vs. tib.tog)	guṃ	94
345	ClassicalNewari	the mountain	purbbata	purbɑt	p u r b ɑ t		purbbata	268
429	OldNewari	the mouse or rat	chu	tɕʰu	tɕʰ u		chuṃ	37
430	ClassicalNewari	the mouse or rat	chuṃ	tɕʰũ	tɕʰ ũ		chuṃ	37
431	KathmanduNewari	the mouse or rat	chuṃ	tɕʰũ	tɕʰ ũ		chuṃ	37
432	DolakhaNewari	the mouse or rat	chuṃ	tɕʰũ	tɕʰ ũ		chuṃ	37
346	OldNewari	the mouth	no	no	n o		no	232
347	ClassicalNewari	the mouth	no	no	n o		no	232
348	KathmanduNewari	the mouth	nva	no	n o		no	232
349	ClassicalNewari	the mouth	mhuthva	m̥utʰo	m̥ u tʰ o		mhuthva	203
350	KathmanduNewari	the mouth	mhutu	m̥utu	m̥ u t u		mhuthva	203
351	DolakhaNewari	the mouth	muthu	mutʰu	m u tʰ u		mhuthva	203
352	ClassicalNewari	the mouth	tvāṭha	twatʰ	t w a tʰ		tvāṭha	341
353	KathmanduNewari	the mouth	tvāḥ	twa:	t w a:		tvāṭha	341
832	ClassicalNewari	the mud	nāl	nal	n a l	nāhā(attesté très récent : moss, green scum on the water,mud; pourtant,'name of a plant' dans DCN)	nāl	239
833	KathmanduNewari	the mud	dhyācyā	dʰjatɕa	dʰ j a tɕ a		dhyācyā	73
354	OldNewari	the nail (fingernail or claw)	luṃsiṃ	lũsĩ	l ũ s ĩ		lusi	186
355	ClassicalNewari	the nail (fingernail or claw)	luṃsi	lũsi	l ũ s i		lusi	186
356	KathmanduNewari	the nail (fingernail or claw)	lusi	lusi	l u s i		lusi	186
357	ClassicalNewari	the nail (fingernail or claw)	kilī	kili	k i l i		kilī	159
358	KathmanduNewari	the nail (fingernail or claw)	cukū	tɕuku	tɕ u k u		cukū	51
359	DolakhaNewari	the nail (fingernail or claw)	kuciri	kutɕiri	k u tɕ i r i		kuciri	163
360	ClassicalNewari	the name	nām	nam	n a m	nām(sanskritisé)	nāṃ	242
361	KathmanduNewari	the name	nāṃ	nã	n ã	nām(sanskritisé)	nāṃ	242
362	DolakhaNewari	the name	nām	nam	n a m	nām(sanskritisé)	nāṃ	242
377	ClassicalNewari	the neck	gara	gɑr	g ɑ r		gala	84
378	DolakhaNewari	the neck	gala	gɑlɑ	g ɑ l ɑ		gala	84
379	ClassicalNewari	the neck	kaṇṭha	kɑntʰ	k ɑ n tʰ		kaṇṭha	136
380	KathmanduNewari	the neck	kathu	kɔtʰu	k ɔ tʰ u		kaṇṭha	136
381	KathmanduNewari	the neck	kaku/kakku	kɔku	k ɔ k u	emprunté; parfois mol'head' est utilisé	kaku/kakku	132
382	OldNewari	the needle (for sewing)	mūrham	murhɑm	m u r h ɑ m	vi en Kathmandu est un diphtongue ui.	muru	210
383	ClassicalNewari	the needle (for sewing)	muru	muru	m u r u	vi en Kathmandu est un diphtongue ui.	muru	210
384	KathmanduNewari	the needle (for sewing)	mulu	mulu	m u l u	vi en Kathmandu est un diphtongue ui.	muru	210
385	DolakhaNewari	the needle (for sewing)	muru	muru	m u r u	vi en Kathmandu est un diphtongue ui.	muru	210
386	KathmanduNewari	the needle (for sewing)	natū	nɔtu:	n ɔ t u:		natū	219
387	KathmanduNewari	the needle (for sewing)	svi	suj	s u j		svi	312
398	OldNewari	the nose	nhāsa	n̥asɑ	n̥ a s ɑ	OTib.rna,OC.耳*C.nɑʔ	nhāsa	228
399	ClassicalNewari	the nose	nhās	n̥as	n̥ a s	OTib.rna,OC.耳*C.nɑʔ	nhāsa	228
400	KathmanduNewari	the nose	nhāy	n̥aj	n̥ a j	OTib.rna,OC.耳*C.nɑʔ	nhāsa	228
401	DolakhaNewari	the nose	nās	nas	n a s	OTib.rna,OC.耳*C.nɑʔ	nhāsa	228
759	OldNewari	the pig	phā	pʰa	pʰ a	OTib.phag	phā	258
760	ClassicalNewari	the pig	phā	pʰa	pʰ a	OTib.phag	phā	258
761	KathmanduNewari	the pig	phā	pʰa	pʰ a	OTib.phag	phā	258
762	DolakhaNewari	the pig	phā	pʰa	pʰ a	OTib.phag	phā	258
423	ClassicalNewari	the rain	soti	soti	s o t i	suti=su'cloud'+ti'juice'	so	296
424	KathmanduNewari	the rain	su	su	s u	suti=su'cloud'+ti'juice'	so	296
425	OldNewari	the rain	vā	wa	w a		vā	352
426	ClassicalNewari	the rain	vā	wa	w a		vā	352
427	KathmanduNewari	the rain	vā	wa	w a		vā	352
428	DolakhaNewari	the rain	wā	wa	w a		vā	352
446	OldNewari	the road	laṃ	lɑ̃	l ɑ̃	OTib.lam	laṃ	179
447	ClassicalNewari	the road	laṃ	lɑ̃	l ɑ̃	OTib.lam	laṃ	179
448	KathmanduNewari	the road	laṃ	lɔ̃	l ɔ̃	OTib.lam	laṃ	179
449	DolakhaNewari	the road	loṃ	lõ	l õ	OTib.lam	laṃ	179
450	DolakhaNewari	the road	mula	mulɑ	m u l ɑ	dérivé de laṃ?	mula	209
451	ClassicalNewari	the root	hā	ha	h a		hā	104
452	KathmanduNewari	the root	hā	ha	h a		hā	104
453	DolakhaNewari	the root	hā	ha	h a		hā	104
454	KathmanduNewari	the root	jad	dʑɔd	dʑ ɔ d		jad	112
455	OldNewari	the root	lāgu	lagu	l a g u		lāgu	192
456	ClassicalNewari	the rope	khi	kʰi	kʰ i		khi	146
457	KathmanduNewari	the rope	khi	kʰi	kʰ i		khi	146
458	DolakhaNewari	the rope	gukhi	gukʰi	g u kʰ i		khi	146
459	ClassicalNewari	the rope	dhi	dʰi	dʰ i		dhi	69
460	ClassicalNewari	the rope	gu	gu	g u		gu	92
461	OldNewari	the rope	ni	ni	n i		ni	229
466	OldNewari	the salt	cī	tɕi	tɕ i	chi' est aussi attesté	ci	40
467	KathmanduNewari	the salt	ci	tɕi	tɕ i	chi' est aussi attesté	ci	40
468	DolakhaNewari	the salt	ci	tɕi	tɕ i	chi' est aussi attesté	ci	40
469	ClassicalNewari	the sand	phi	pʰi	pʰ i		phi	253
470	KathmanduNewari	the sand	phi	pʰi	pʰ i		phi	253
485	OldNewari	the seed	pū	pu	p u		pu	266
486	ClassicalNewari	the seed	pu	pu	p u		pu	266
487	KathmanduNewari	the seed	pu	pu	p u		pu	266
488	DolakhaNewari	the seed	puyā	puja	p u j a		pu	266
834	OldNewari	the shit	khī	kʰi	kʰ i	OC.屎	khi	146
835	ClassicalNewari	the shit	khī	kʰi	kʰ i	OC.屎	khi	146
836	KathmanduNewari	the shit	khi	kʰi	kʰ i	OC.屎	khi	146
837	DolakhaNewari	the shit	khi	kʰi	kʰ i	OC.屎	khi	146
508	OldNewari	the shoulder	boharha	bohɑr̥ɑ	b o h ɑ r̥ ɑ		bohol	19
509	ClassicalNewari	the shoulder	bvahol	bohol	b o h o l		bohol	19
510	KathmanduNewari	the shoulder	bvahaḥ	boha:	b o h a:		bohol	19
511	ClassicalNewari	the shoulder	bāhāl	bahal	b a h a l		bāhāl	24
512	KathmanduNewari	the shoulder	bāhā	baha	b a h a		bāhāl	24
513	KathmanduNewari	the shoulder	lukuṃ	lukũ	l u k ũ		lukuṃ	184
514	KathmanduNewari	the shoulder	pā	pa	p a		pā	278
515	ClassicalNewari	the shoulder	thalu	tʰɑlu	tʰ ɑ l u		thalu	327
516	OldNewari	the shoulder	kaṃdha	kɑ̃dʰɑ	k ɑ̃ dʰ ɑ		kaṃdha	135
524	ClassicalNewari	the skin	chegulī	tɕʰeguli	tɕʰ e g u l i		cheguri	32
525	KathmanduNewari	the skin	cheṃgū	tɕʰẽgu:	tɕʰ ẽ g u:		cheguri	32
526	DolakhaNewari	the skin	cheuri	tɕʰeuli	tɕʰ eu l i		cheguri	32
527	KathmanduNewari	the skin	syu	sju	s j u		si	290
528	KathmanduNewari	the sky	na	nɔ	n ɔ	emprunté(au sanskrit et maithili) sauf le Kathmandu	na	214
544	ClassicalNewari	the smoke	kuṃ	kũ	k ũ		kuṃ	166
545	KathmanduNewari	the smoke	kuṃ	kũ	k ũ		kuṃ	166
546	DolakhaNewari	the smoke	kuṃ	kũ	k ũ		kuṃ	166
547	OldNewari	the snake	bī	bi	b i	OTib.sbrul	bi	12
548	ClassicalNewari	the snake	bi	bi	b i	OTib.sbrul	bi	12
549	KathmanduNewari	the snake	bi	bi	b i	OTib.sbrul	bi	12
550	DolakhaNewari	the snake	bi-kara	bi-kɑrɑ	b i k ɑ r ɑ	OTib.sbrul	bi	12
551	KathmanduNewari	the snake	tāhāḥ	taha:	t a h a:		tāhāḥ	343
552	OldNewari	the snow	cvāpvaṃ	tɕwapõ	tɕ w a p õ	pvā'hail'	cvāpvaṃ	58
553	ClassicalNewari	the snow	cvāpo	tɕwapo	tɕ w a p o	pvā'hail'	cvāpvaṃ	58
554	KathmanduNewari	the snow	cvāpu/pu	tɕwapu	tɕ w a p u	pvā'hail'	cvāpvaṃ	58
767	OldNewari	the son	kāya	kaje	k a j e		kāy	175
768	ClassicalNewari	the son	kāy	kaj	k a j		kāy	175
769	KathmanduNewari	the son	kāy	kaj	k a j		kāy	175
770	DolakhaNewari	the son	kae	kae	k ae		kāy	175
555	ClassicalNewari	the spider	pikhā	pikʰa	p i kʰ a	Bizarrement, en Kathmandu, mākaḥcā pikhā veut dire ''spider's web''. Jorg 1936 a fait une erreur ?	pikhā	261
556	KathmanduNewari	the spider	mākaḥcā/mākhācā	maka:tɕa	m a k a: tɕ a		mākaḥcā/mākhācā	212
565	ClassicalNewari	the star	nagati	nɑgɑti	n ɑ g ɑ t i		nagu	215
566	KathmanduNewari	the star	nagu	nɔgu	n ɔ g u		nagu	215
567	DolakhaNewari	the star	nakti	nɑkti	n ɑ k t i		nagu	215
572	OldNewari	the stick	kaṭhi	kɑʈʰi	k ɑ ʈʰ i		kaṭhi	137
573	ClassicalNewari	the stick	kaṭhi	kɑtʰi	k ɑ tʰ i		kaṭhi	137
574	KathmanduNewari	the stick	kathi	kɔtʰi	k ɔ tʰ i		kaṭhi	137
575	DolakhaNewari	the stick	kaṭhi	kɑʈʰi	k ɑ ʈʰ i		kaṭhi	137
576	ClassicalNewari	the stick	tutāma	tutam	t u t a m		tutān/tutām	339
577	ClassicalNewari	the stick	nol	nol	n o l		nol	233
578	ClassicalNewari	the stick	thyaṃga	tʰẽg	tʰ ẽ g		thyaṃga	332
579	OldNewari	the stone (a piece of)	lvahaṃ	lohɑ̃	l o h ɑ̃		lvahaṃ	188
580	ClassicalNewari	the stone (a piece of)	loṃha	lõhɑ	l õ h ɑ		lvahaṃ	188
581	KathmanduNewari	the stone (a piece of)	lvahaṃ	lohɑ̃	l o h ɑ̃		lvahaṃ	188
582	DolakhaNewari	the stone (a piece of)	luṅā	luŋa	l u ŋ a		lvahaṃ	188
590	ClassicalNewari	the sun	ni	ni	n i	OTib.nyi, OC.日	ni	229
591	DolakhaNewari	the sun	nibār	nibar	n i b a r	OTib.nyi, OC.日	ni	229
592	KathmanduNewari	the sun	lū	lu:	l u:	rising sun'	lvi	189
593	ClassicalNewari	the sun	suruja	surudʑ	s u r u dʑ		suruja	305
594	OldNewari	the tail	mhepuṭa	m̥eputɑ	m̥ e p u t ɑ		nhipot	225
595	ClassicalNewari	the tail	nhipota	n̥ipot	n̥ i p o t		nhipot	225
596	KathmanduNewari	the tail	nhipaṃ	n̥ipɔ̃	n̥ i p ɔ̃		nhipot	225
597	DolakhaNewari	the tail	cumṭu	tɕumʈu	tɕ u m ʈ u		cumṭu	53
737	OldNewari	the thigh	khalṛ	kʰɑli	kʰ ɑ l i	Jorg 1936 donne mesāl aussi  mais il n'est pas sûr du sens du mot.	khali	138
738	ClassicalNewari	the thigh	khala	kʰɑl	kʰ ɑ l	Jorg 1936 donne mesāl aussi  mais il n'est pas sûr du sens du mot.	khali	138
739	KathmanduNewari	the thigh	khampā	kʰɔmpa	kʰ ɔ m p a	Jorg 1936 donne mesāl aussi  mais il n'est pas sûr du sens du mot.	khali	138
740	DolakhaNewari	the thigh	khali	kʰɑli	kʰ ɑ l i	Jorg 1936 donne mesāl aussi  mais il n'est pas sûr du sens du mot.	khali	138
741	ClassicalNewari	the thigh	cheche	tɕʰetɕʰe	tɕʰ e tɕʰ e		cheche	31
742	KathmanduNewari	the thigh	jaṃ	dʑɔ̃	dʑ ɔ̃		jaṃ	115
743	KathmanduNewari	the thigh	phaḥ	pʰɔ:	pʰ ɔ:		phaḥ	251
744	KathmanduNewari	the thigh	pena	penɔ	p e n ɔ		pena	249
635	ClassicalNewari	the thunder	naṅā-gu	nɑŋa-gu	n ɑ ŋ a g u	na ṅāva/ṅāye(to thunder)	na	214
636	KathmanduNewari	the thunder	na nyāye'to thunder'	nɔ	n ɔ	na ṅāva/ṅāye(to thunder)	na	214
637	OldNewari	the tongue	me	me	m e	Situ.tɑɕmie	me	197
638	ClassicalNewari	the tongue	me	me	m e	Situ.tɑɕmie	me	197
639	KathmanduNewari	the tongue	me	me	m e	Situ.tɑɕmie	me	197
640	DolakhaNewari	the tongue	me	me	m e	Situ.tɑɕmie	me	197
641	OldNewari	the tooth (front)	vā	wa	w a		vā	352
642	ClassicalNewari	the tooth (front)	vāṃ	wã	w ã		vā	352
643	KathmanduNewari	the tooth (front)	vā	wa	w a		vā	352
644	DolakhaNewari	the tooth (front)	wā	wa	w a		vā	352
645	OldNewari	the tree	śima	simɑ	s i m ɑ	OTib.shing,OC.薪	si-	291
646	ClassicalNewari	the tree	śimā	sima	s i m a	OTib.shing,OC.薪	si-	291
647	KathmanduNewari	the tree	si	si	s i	OTib.shing,OC.薪	si-	291
648	DolakhaNewari	the tree	simā	sima	s i m a	OTib.shing,OC.薪	si-	291
661	OldNewari	the water	lāṃkhva	lãkʰo	l ã kʰ o		laṃ	179
662	ClassicalNewari	the water	laṃ	lɑ̃	l ɑ̃		laṃ	179
663	KathmanduNewari	the water	laḥ	lɔ:	l ɔ:		laṃ	179
664	DolakhaNewari	the water	lokhu	lokʰu	l o kʰ u		laṃ	179
665	ClassicalNewari	the water	nā	na	n a		nā	238
666	KathmanduNewari	the water	nāḥ	na:	n a:		nā	238
667	KathmanduNewari	the water	āku	aku	a k u		āku	361
682	OldNewari	the wind	phasa	pʰɑsɑ	pʰ ɑ s ɑ		phasa	250
683	ClassicalNewari	the wind	phaśa	pʰɑs	pʰ ɑ s		phasa	250
684	KathmanduNewari	the wind	phay	pʰɔj	pʰ ɔ j		phasa	250
685	DolakhaNewari	the wind	phasa	pʰɑsɑ	pʰ ɑ s ɑ		phasa	250
686	KathmanduNewari	the wind	hāvā	hawa	h a w a		hāvā	110
687	ClassicalNewari	the wing	pā	pa	p a		pā	278
688	KathmanduNewari	the wing	pā	pa	p a		pā	278
689	ClassicalNewari	the wing	lāphāta	lapʰatɑ	l a pʰ a t ɑ		lāphāta	193
690	KathmanduNewari	the wing	papū	pɔpu:	p ɔ p u:		pa-	245
691	DolakhaNewari	the wing	pamṭu	pɑmʈu	p ɑ m ʈ u		pa-	245
692	OldNewari	the woman	misā	misa	m i s a		misā	206
693	ClassicalNewari	the woman	misā	misa	m i s a		misā	206
694	KathmanduNewari	the woman	misā	misa	m i s a		misā	206
695	DolakhaNewari	the woman	misā	misa	m i s a		misā	206
696	OldNewari	the year	daṃ	dɑ̃	d ɑ̃		da	63
697	ClassicalNewari	the year	daṃ	dɑ̃	d ɑ̃		da	63
698	KathmanduNewari	the year	daṃ	dɑ̃	d ɑ̃		da	63
699	DolakhaNewari	the year	da-chi	dɑ-tɕʰi	d ɑ tɕʰ i		da	63
700	KathmanduNewari	the year	sāl	sal	s a l		sālu	317
602	ClassicalNewari	thick	khvātu	kʰwatu	kʰ w a t u		khvātu	155
603	KathmanduNewari	thick	khvātu	kʰwatu	kʰ w a t u		khvātu	155
604	DolakhaNewari	thick	khwātar-	kʰwatɑr-	kʰ w a t ɑ r		khvātu	155
605	ClassicalNewari	thick	tava-puyā	tɑwopuja	t ɑ w o p u j a		tawopuyā	324
606	DolakhaNewari	thick	dyāmma	djammɑ	d j a m m ɑ		dyāmma	78
607	OldNewari	thin (object)	sālu	salu	s a l u	Autres mots en kathmandu: tāth, tiṃkhi, titaḥ, patalā(pataḥ), piyaḥ, , pyāthaḥ	sālu	317
608	DolakhaNewari	thin (object)	sālar-	salɑr-	s a l ɑ r	Autres mots en kathmandu: tāth, tiṃkhi, titaḥ, patalā(pataḥ), piyaḥ, , pyāthaḥ	sālu	317
609	ClassicalNewari	thin (object)	khina	kʰin	kʰ i n		khina	148
610	ClassicalNewari	thin (object)	gaṃsimha	gãsim̥	g ã s i m̥		gaṃsimha	88
611	KathmanduNewari	thin (object)	cakūcā	tɕɔku:tɕa	tɕ ɔ k u: tɕ a		cakūcā/cakhūcā	27
612	KathmanduNewari	thin (object)	casī	tɕɔsi:	tɕ ɔ s i:		casī	29
613	KathmanduNewari	thin (object)	cipu	tɕipu	tɕ i p u		cipu	46
614	KathmanduNewari	thin (object)	tatti	tɔtti	t ɔ tt i		tatti	323
615	DolakhaNewari	thin (object)	gal-ai	gɑl-ɑj	g ɑ l ɑ j		gal-ai	83
619	OldNewari	thou [second person singular]	cha	tɕʰɑ	tɕʰ ɑ		cha/che	30
620	ClassicalNewari	thou [second person singular]	cha	tɕʰɑ	tɕʰ ɑ		cha/che	30
621	KathmanduNewari	thou [second person singular]	cha	tɕʰɔ	tɕʰ ɔ		cha/che	30
622	DolakhaNewari	thou [second person singular]	chi	tɕʰi	tɕʰ i		cha/che	30
623	OldNewari	three	svaṃ	sõ	s õ		svaṃ	311
624	ClassicalNewari	three	soṃ	sõ	s õ		svaṃ	311
625	KathmanduNewari	three	sva/svaṃ	sõ	s õ		svaṃ	311
626	DolakhaNewari	three	soṃ	sõ	s õ		svaṃ	311
1	OldNewari	to be alive	mvāt-	mwat-	m w a t	OTib.mod pa	mvāt-	211
2	ClassicalNewari	to be alive	mvāt-	mwat-	m w a t	OTib.mod pa	mvāt-	211
3	KathmanduNewari	to be alive	mvāt-	mwat-	m w a t	OTib.mod pa	mvāt-	211
4	DolakhaNewari	to be alive	mwāt-	mwat-	m w a t	OTib.mod pa	mvāt-	211
21	OldNewari	to bite	ṅār-	ŋar-	ŋ a r		ṅār-	374
22	ClassicalNewari	to bite	ṅār-	ŋar-	ŋ a r		ṅār-	374
23	KathmanduNewari	to bite	nyāt-	njat-	n j a t		ṅār-	374
24	DolakhaNewari	to bite	ṅār-	ŋar-	ŋ a r		ṅār-	374
25	OldNewari	to bite	ṅhel-	ŋ̥el-	ŋ̥ e l		ṅhel-	367
824	OldNewari	to burn [intransitive]	cyāt-	tɕat-	tɕ a t		cyāt-	60
825	KathmanduNewari	to burn [intransitive]	cyāke	tɕake	tɕ a k e		cyāt-	60
826	DolakhaNewari	to burn [intransitive]	cyāt-	tɕjat-	tɕ j a t		cyāt-	60
827	ClassicalNewari	to burn [intransitive]	naye	nɑje	n ɑ j e		naye	220
828	ClassicalNewari	to burn [intransitive]	chor-	tɕʰor-	tɕʰ o r		chor-	36
829	KathmanduNewari	to burn [intransitive]	chval-	tɕʰol-	tɕʰ o l		chor-	36
830	DolakhaNewari	to burn [intransitive]	chor-	tɕʰor-	tɕʰ o r		chor-	36
831	KathmanduNewari	to burn [intransitive]	kval-	kol-	k o l		kval-	167
42	OldNewari	to buy	ṅyāt-	ŋjat-	ŋ j a t	OTib.nyo	ṅyāt-	371
43	ClassicalNewari	to buy	ṅāt-	ŋat-	ŋ a t	OTib.nyo	ṅyāt-	371
44	KathmanduNewari	to buy	nyāt-	njat-	n j a t	OTib.nyo	ṅyāt-	371
45	DolakhaNewari	to buy	ṅyāt-	ŋjat-	ŋ j a t	OTib.nyo	ṅyāt-	371
46	OldNewari	to chew	ṅhel-	ŋ̥el-	ŋ̥ e l	OC.咬	ṅhel-	367
47	KathmanduNewari	to chew	nhel-	n̥el-	n̥ e l	OC.咬	ṅhel-	367
48	DolakhaNewari	to chew	yāl-	jal-	j a l		yāl-	358
60	OldNewari	to come	var-	wɑr-	w ɑ r	wonya existe aussi	var-	350
61	ClassicalNewari	to come	var-	wɑr-	w ɑ r	wonya existe aussi	var-	350
62	KathmanduNewari	to come	val-	wɔl-	w ɔ l	wonya existe aussi	var-	350
63	OldNewari	to come	jhār-	dʑʰar-	dʑʰ a r	honorific	jhar-	119
64	ClassicalNewari	to come	jhāl-	dʑʰal-	dʑʰ a l	honorific	jhar-	119
65	KathmanduNewari	to come	jhāl-	dʑʰal-	dʑʰ a l	honorific	jhar-	119
66	DolakhaNewari	to come	jā-sin(imp.,come!)	dʑasin	dʑ a s i n	honorific	jhar-	119
67	OldNewari	to come	ye 	je	j e		yer-	356
68	DolakhaNewari	to come	yer-	jer-	j e r		yer-	356
69	OldNewari	to count	ṅīsyaṃ/ṅīye 	ŋisẽ	ŋ i s ẽ		ṅit-	369
70	OldNewari	to count	ṅīsyaṃ/ṅīye 	ŋije	ŋ i j e		ṅit-	369
71	ClassicalNewari	to count	ṅin-/t-	ŋit-	ŋ i t		ṅit-	369
72	ClassicalNewari	to count	ṅin-/t-	ŋin-	ŋ i n		ṅit-	369
73	KathmanduNewari	to count	nit-/nin-	nit-	n i t		ṅit-	369
74	KathmanduNewari	to count	nit-/nin-	nin-	n i n		ṅit-	369
75	ClassicalNewari	to cry (weep)	khor-	kʰor-	kʰ o r		khor-	151
76	KathmanduNewari	to cry (weep)	khval-	kʰol-	kʰ o l		khor-	151
77	DolakhaNewari	to cry (weep)	khor-	kʰor-	kʰ o r		khor-	151
78	OldNewari	to die	sit-	sit-	s i t	OTib.shi, OC.死*sijʔ	sit-	294
79	ClassicalNewari	to die	sit-	sit-	s i t	OTib.shi, OC.死*sijʔ	sit-	294
80	KathmanduNewari	to die	sit-	sit-	s i t	OTib.shi, OC.死*sijʔ	sit-	294
81	DolakhaNewari	to die	sir-,sit-	sir-	s i r	OTib.shi, OC.死*sijʔ	sit-	294
82	DolakhaNewari	to die	sir-,sit-	sit-	s i t	OTib.shi, OC.死*sijʔ	sit-	294
83	OldNewari	to die	mor-	mor-	m o r		mol-	208
84	ClassicalNewari	to die	mor-	mor-	m o r		mol-	208
85	OldNewari	to dig	mhuya	m̥uje	m̥ u j e		mhur-	202
86	ClassicalNewari	to dig	mhul-	m̥ul-	m̥ u l		mhur-	202
87	KathmanduNewari	to dig	mhul-	m̥ul-	m̥ u l		mhur-	202
88	DolakhaNewari	to dig	mur-	mur-	m u r		mhur-	202
89	OldNewari	to dig	kīsyaṃ/kīye	kisẽ	k i s ẽ		kīsyaṃ	176
90	OldNewari	to dig	kīsyaṃ/kīye	kije	k i j e		kīsyaṃ	176
91	ClassicalNewari	to dig	khit/n-	kʰit-	kʰ i t		khit-/n-	149
92	ClassicalNewari	to dig	khit/n-	n-	n		khit-/n-	149
93	ClassicalNewari	to dig	kvāya	kwaje	k w a j e		kvāya	172
111	OldNewari	to drink	tvaṃñe	tõɲe	t õ ɲ e	OTib.'thung ba	ton-	336
112	ClassicalNewari	to drink	ton-	ton-	t o n	OTib.'thung ba	ton-	336
113	KathmanduNewari	to drink	tvan-	ton-	t o n	OTib.'thung ba	ton-	336
114	DolakhaNewari	to drink	ton-	ton-	t o n	OTib.'thung ba	ton-	336
131	OldNewari	to eat	nar-	nɑr-	n ɑ r	OC.茹*naʔ	nar-	218
132	ClassicalNewari	to eat	naya	nɑje	n ɑ j e	OC.茹*naʔ	nar-	218
133	KathmanduNewari	to eat	nal-	nɔl-	n ɔ l	OC.茹*naʔ	nar-	218
134	DolakhaNewari	to eat	nar-	nɑr-	n ɑ r	OC.茹*naʔ	nar-	218
152	ClassicalNewari	to fight	lvāt-	lwat-	l w a t	Japh.lɤt(alɯlɤt)	lvāt-	190
153	KathmanduNewari	to fight	lvāt-	lwat-	l w a t	Japh.lɤt(alɯlɤt)	lvāt-	190
154	DolakhaNewari	to fight	lwāt-	lwat-	l w a t	Japh.lɤt(alɯlɤt)	lvāt-	190
171	ClassicalNewari	to fly (move through air)	bor-	bor-	b o r	Japh.mbjom	bor-	20
172	KathmanduNewari	to fly (move through air)	bval-	bol-	b o l	Japh.mbjom	bor-	20
173	DolakhaNewari	to fly (move through air)	bor-	bor-	b o r	Japh.mbjom	bor-	20
778	ClassicalNewari	to forget	ma-laman-	mɑ-lɑmɑn-	m ɑ l ɑ m ɑ n		ma-luman-	194
779	KathmanduNewari	to forget	lvaḥman-	lo:man-	l o: m a n		ma-luman-	194
780	DolakhaNewari	to forget	luṃmon(ker)-	lũmon(ker)-	l ũ m o n		ma-luman-	194
781	ClassicalNewari	to forget	ruramun-	rurɑmun-	r u r ɑ m u n		ruramun-	285
199	OldNewari	to give	bir-	bir-	b i r	OTib.sbyin,OC.畀*pits	bir-	16
200	ClassicalNewari	to give	bir-	bir-	b i r	OTib.sbyin,OC.畀*pits	bir-	16
201	KathmanduNewari	to give	bil-	bil-	b i l	OTib.sbyin,OC.畀*pits	bir-	16
202	DolakhaNewari	to give	bir-	bir-	b i r	OTib.sbyin,OC.畀*pits	bir-	16
240	OldNewari	to hear	ṅen-	ŋen-	ŋ e n	OTib. nyan	ṅene	365
241	ClassicalNewari	to hear	ṅen-	ŋen-	ŋ e n	OTib. nyan	ṅene	365
242	KathmanduNewari	to hear	nen-	nen-	n e n	OTib. nyan	ṅene	365
243	DolakhaNewari	to hear	ṅen-	ŋen-	ŋ e n	OTib. nyan	ṅene	365
244	ClassicalNewari	to hear	tāl-	tal-	t a l		tār-	344
245	KathmanduNewari	to hear	tāl-	tal-	t a l		tār-	344
246	DolakhaNewari	to hear	tār-	tar-	t a r		tār-	344
258	ClassicalNewari	to hide (conceal)	dupuye	dupuje	d u p u j e	sucakāo/sucake aussi, malgré causatif	dupuye	77
259	KathmanduNewari	to hide (conceal)	du-pit-	du-pit-	d u p i t	sucakāo/sucake aussi, malgré causatif	dupuye	77
260	ClassicalNewari	to hide (conceal)	sur-	sur-	s u r		sul-	303
261	KathmanduNewari	to hide (conceal)	sule	sule	s u l e		sul-	303
262	DolakhaNewari	to hide (conceal)	sul-	sul-	s u l		sul-	303
263	ClassicalNewari	to hide (conceal)	kin-	kin-	k i n		kinya	160
264	KathmanduNewari	to hide (conceal)	tvapul-	topul-	t o p u l		tvapul-	340
265	ClassicalNewari	to hold	kāt-	kat-	k a t	thācake aussi, malgré caus.	kat-	134
266	KathmanduNewari	to hold	dharalape	dʰɔrɔlɔpe	dʰ ɔ r ɔ l ɔ p e		dharalape	68
267	DolakhaNewari	to hold	jon-	dʑon-	dʑ o n		jon-	123
276	OldNewari	to hunt	ahala yāye	ɑhɑlɑ	ɑ h ɑ l ɑ		ahala	2
277	ClassicalNewari	to hunt	ahal	ɑhɑl	ɑ h ɑ l		ahala	2
278	DolakhaNewari	to hunt	sikār	sikar-	s i k a r		sikār	292
283	OldNewari	to kill	syāt-	sjat-	s j a t	OTib.gsod, OC.杀，Japh.sat	syāt-	315
284	ClassicalNewari	to kill	syāt-	sjat-	s j a t	OTib.gsod, OC.杀，Japh.sat	syāt-	315
285	KathmanduNewari	to kill	syāt-	sjat-	s j a t	OTib.gsod, OC.杀，Japh.sat	syāt-	315
286	DolakhaNewari	to kill	syāt-	sjat-	s j a t	OTib.gsod, OC.杀，Japh.sat	syāt-	315
290	OldNewari	to laugh	ṅhel-	ŋ̥el-	ŋ̥ e l	OC.戏	ṅhel-	367
291	ClassicalNewari	to laugh	ṅhel-	ŋ̥el-	ŋ̥ e l	OC.戏	ṅhel-	367
292	KathmanduNewari	to laugh	nhil-	n̥il-	n̥ i l	OC.戏	ṅhel-	367
293	DolakhaNewari	to laugh	ṅil-	ŋil-	ŋ i l	OC.戏	ṅhel-	367
587	ClassicalNewari	to lick	phel-	pʰel-	pʰ e l		pher-	252
588	KathmanduNewari	to lick	phel-	pʰel-	pʰ e l		pher-	252
589	DolakhaNewari	to lick	phir-	pʰir-	pʰ i r		pher-	252
412	ClassicalNewari	to play	thāt-	tʰat-	tʰ a t	an instrument	thāt-	334
413	ClassicalNewari	to play	mhet-	m̥et-	m̥ e t		mhet-	200
414	KathmanduNewari	to play	mhit-	m̥it-	m̥ i t		mhet-	200
415	ClassicalNewari	to play	mhetra	m̥etrɑ	m̥ e t r ɑ	(vi.)	mhethar-	201
416	DolakhaNewari	to play	methar-	metʰɑr-	m e tʰ ɑ r	(vi.)	mhethar-	201
417	ClassicalNewari	to push	ghvāt-	gʰwat-	gʰ w a t	hvāya(to throw dice, to push, toss)	ghvāt-	90
418	KathmanduNewari	to push	ghvāt-	gʰwat-	gʰ w a t	hvāya(to throw dice, to push, toss)	ghvāt-	90
419	KathmanduNewari	to push	dhvāt-	dʰwat-	dʰ w a t		dhvāt-	72
420	DolakhaNewari	to push	dwāṅnir-	dwaŋnir-	d w a ŋ n i r		dhvāt-	72
421	KathmanduNewari	to push	dhin-	dʰin-	dʰ i n		dhine	70
422	KathmanduNewari	to push	nyāke	njake	n j a k e		nyāke	236
438	OldNewari	to reside (live)	cvaṃn-	tɕon-	tɕ o n		cone	50
439	ClassicalNewari	to reside (live)	con-	tɕon-	tɕ o n		cone	50
440	KathmanduNewari	to reside (live)	cvan-	tɕon-	tɕ o n		cone	50
441	DolakhaNewari	to reside (live)	con-	tɕon-	tɕ o n		cone	50
442	ClassicalNewari	to reside (live)	svan-	son-	s o n		svanya	309
471	OldNewari	to scratch	col-	tɕol-	tɕ o l		tɕor-	345
472	ClassicalNewari	to scratch	cul-	tɕul-	tɕ u l		tɕor-	345
473	ClassicalNewari	to scratch	ele	jel-	j e l		el-	81
474	KathmanduNewari	to scratch	yel-	jel-	j e l		el-	81
475	ClassicalNewari	to scratch	khiṅāo/khine	kʰiŋawo	kʰ i ŋ a w o		khiṅāo/khine	150
476	ClassicalNewari	to scratch	khiṅāo/khine	kʰine	kʰ i n e		khiṅāo/khine	150
477	DolakhaNewari	to scratch	casmut-	tɕɑsmut-	tɕ ɑ s m u t		casmut-	28
478	OldNewari	to see	khaṃn-	kʰãn-	kʰ ã n	OTib.mkhan po,OC.看	khan-	139
479	ClassicalNewari	to see	khaṃn-	kʰãn-	kʰ ã n	OTib.mkhan po,OC.看	khan-	139
480	KathmanduNewari	to see	khan-	kʰɔn-	kʰ ɔ n	OTib.mkhan po,OC.看	khan-	139
481	DolakhaNewari	to see	khon-	kʰon-	kʰ o n	OTib.mkhan po,OC.看	khan-	139
482	OldNewari	to see	sor-	sor-	s o r		sor-	299
483	ClassicalNewari	to see	sor-	sor-	s o r		sor-	299
484	DolakhaNewari	to see	sor-	sor-	s o r		sor-	299
501	ClassicalNewari	to shoot (an arrow)	ṅhyāya	ŋ̥jaje	ŋ̥ j a j e		ṅhyāya/ṅhāya	368
502	KathmanduNewari	to shoot (an arrow)	tāltyā kayke	taltja kɔjke	t a l t j a + k ɔ j k e	tāltyā'target', to anticipate a target		1
517	ClassicalNewari	to sing	hār-	har-	h a r		hār-	109
518	KathmanduNewari	to sing	hāl-	hal-	h a l		hār-	109
519	DolakhaNewari	to sing	hal-	hɑl-	h ɑ l		hār-	109
520	ClassicalNewari	to sing	gāye	gaje	g a j e		gāye	97
529	OldNewari	to sleep	ḍyaṃñe	ɖẽɲe	ɖ ẽ ɲ e		ḍen-	363
530	ClassicalNewari	to sleep	den-	den-	d e n		ḍen-	363
531	KathmanduNewari	to sleep	den-	den-	d e n		ḍen-	363
532	DolakhaNewari	to sleep	ḍin-	ɖin-	ɖ i n		ḍen-	363
538	ClassicalNewari	to smell (perceive odor) [transitive]	naṃn-	nɑ̃n-	n ɑ̃ n	OTib.mnam	nan-	217
539	KathmanduNewari	to smell (perceive odor) [transitive]	na tune(na'smell'+tune'to expect')	nɔ	n ɔ	OTib.mnam	nan-	217
540	ClassicalNewari	to smell (perceive odor) [transitive]	jā-(-n/-t?)	dʑan	dʑ a n		jān/t-	128
541	ClassicalNewari	to smell (perceive odor) [transitive]	jā-(-n/-t?)	t-	t		jān/t-	128
542	ClassicalNewari	to smell (perceive odor) [transitive]	sākoṅa/sāye	sakoŋɑ	s a k o ŋ ɑ		sākoṅa/sāye	316
543	ClassicalNewari	to smell (perceive odor) [transitive]	sākoṅa/sāye	saje	s a j e		sākoṅa/sāye	316
557	ClassicalNewari	to spit	phutkāram/phutke	pʰutkarɑ̃	pʰ u t k a r ɑ̃		phutkāram/phutke	256
558	ClassicalNewari	to spit	phutkāram/phutke	pʰutke	pʰ u t k e		phutkāram/phutke	256
559	KathmanduNewari	to spit	lhvat-	l̥ot-	l̥ o t		phāt-	259
560	ClassicalNewari	to stand	dhɑn-	dʰan-	dʰ a n		dhāne	74
561	KathmanduNewari	to stand	dhan-	dʰɔn-	dʰ ɔ n		dhāne	74
562	DolakhaNewari	to stand	ḍon-	ɖon-	ɖ o n		dhāne	74
563	ClassicalNewari	to stand	thaṃne	tʰɑ̃ne	tʰ ɑ̃ n e	*s- causatif	thaṃne	328
564	ClassicalNewari	to stand	dāne	dane	d a n e		dāne	79
568	OldNewari	to steal	khur-	kʰur-	kʰ u r	OTib.rku, Japh.mɯrkɯ	khur-	153
569	ClassicalNewari	to steal	khur-	kʰur-	kʰ u r	OTib.rku, Japh.mɯrkɯ	khur-	153
570	KathmanduNewari	to steal	khul-	kʰul-	kʰ u l	OTib.rku, Japh.mɯrkɯ	khur-	153
571	DolakhaNewari	to steal	khur-	kʰur-	kʰ u r	OTib.rku, Japh.mɯrkɯ	khur-	153
616	OldNewari	to think (reflect)	soca	sotɕɑ	s o tɕ ɑ		soca	297
617	ClassicalNewari	to think (reflect)	hīye	hiye	h i j e		hiye	101
618	KathmanduNewari	to think (reflect)	bhālape	bʰalɔpe	bʰ a l ɔ p e		bhālape	11
627	OldNewari	to throw	vāye	waje	w a j e		vāt-	353
628	ClassicalNewari	to throw	vāt/n-	wat	w a t		vāt-	353
629	ClassicalNewari	to throw	vāt/n-	n-	n		vāt-	353
630	OldNewari	to throw	bhon-	bʰon-	bʰ o n		bhon-	9
631	KathmanduNewari	to throw	kayke	kɔjke	k ɔ j k e		kaker-	131
632	DolakhaNewari	to throw	kaker-	kɑker-	k ɑ k e r		kaker-	131
633	DolakhaNewari	to throw	ṅat-	ŋɑt-	ŋ ɑ t		ṅat-	364
634	DolakhaNewari	to throw	ṭin-	ʈin-	ʈ i n		ṭin-	377
652	ClassicalNewari	to vomit	lhol-	l̥ol-	l̥ o l	OTib.srul'decompose'	lhor-	180
653	KathmanduNewari	to vomit	lhvat-	l̥ot-	l̥ o t	OTib.srul'decompose'	lhor-	180
654	DolakhaNewari	to vomit	lor-	lor-	l o r	OTib.srul'decompose'	lhor-	180
655	OldNewari	to walk	ṅāye	ŋaje	ŋ a j e	OTib.'gro ba  vs   jvaya	ṅāt-	375
656	KathmanduNewari	to walk	nyāt-	njat-	n j a t	OTib.'gro ba  vs   jvaya	ṅāt-	375
657	ClassicalNewari	to walk	ur-	ur-	u r		ur-	349
658	ClassicalNewari	to walk	cuye	tɕuje	tɕ u j e		cuye	54
659	ClassicalNewari	to walk	jval-	dʑol-	dʑ o l		jval-	125
660	DolakhaNewari	to walk	liṅar-	liŋɑr-	l i ŋ ɑ r		liṅar-	183
711	OldNewari	to wipe	hur-	hur-	h u r		hur-	102
712	ClassicalNewari	to wipe	hur-	hur-	h u r		hur-	102
713	KathmanduNewari	to wipe	hul-	hul-	h u l		hur-	102
714	KathmanduNewari	to wipe	pil-	pil-	p i l		pil-	262
649	OldNewari	two	ne	ne	n e	Aucune forme avec -s final en ON a été attestée	ne	221
650	KathmanduNewari	two	ni	ni	n i	Aucune forme avec -s final en ON a été attestée	ne	221
651	DolakhaNewari	two	nis	nis	n i s	Aucune forme avec -s final en ON a été attestée	ne	221
668	ClassicalNewari	wet	pyāt-	pjat-	p j a t		pyāt-	277
669	KathmanduNewari	wet	pyāt-	pjat-	p j a t		pyāt-	277
670	DolakhaNewari	wet	pyāt-	pjat-	p j a t		pyāt-	277
671	ClassicalNewari	wet	dāye	daje	d a j e		dāye	80
672	KathmanduNewari	wet	magaṃ	mɔgɔ̃	m ɔ g ɔ̃		magaṃ	195
673	ClassicalNewari	white	toiva	tojwo	t o j w o		toy-	337
674	KathmanduNewari	white	tvayu	toju	t o j u		toy-	337
675	DolakhaNewari	white	twāer-	twaer-	t w ae r		toy-	337
676	OldNewari	who	sū	su	s u	OTib.su	su	301
677	ClassicalNewari	who	su-kāna	su-kan	s u k a n	OTib.su	su	301
678	KathmanduNewari	who	su	su	s u	OTib.su	su	301
679	OldNewari	who	gvana	gonɑ	g o n ɑ		gun-	93
680	ClassicalNewari	who	gva-mha	go-m̥ɑ	g o m̥ ɑ		gun-	93
681	DolakhaNewari	who	gun(anim)	gun	g u n		gun-	93
701	ClassicalNewari	yellow	mhāsu	m̥asu	m̥ a s u		mhāsu	204
702	KathmanduNewari	yellow	mhāsu	m̥asu	m̥ a s u		mhāsu	204
703	DolakhaNewari	yellow	mwāsar-	mwasɑr-	m w a s ɑ r		mhāsu	204
704	ClassicalNewari	yellow	eyu	jeju	j e j u		eyu	82
