ID,Local_ID,Language_ID,Parameter_ID,Value,Form,Segments,Comment,Source,Cognacy,Loan,Graphemes,Profile
OldNewari-8_tobealive-1,,OldNewari,8_tobealive,mvāt-,mwat-,m w a t,OTib.mod pa,DCN[404],mvāt-,false,,
ClassicalNewari-8_tobealive-1,,ClassicalNewari,8_tobealive,mvāt-,mwat-,m w a t,OTib.mod pa,DCN[404],mvāt-,false,,
KathmanduNewari-8_tobealive-1,,KathmanduNewari,8_tobealive,mvāt-,mwat-,m w a t,OTib.mod pa,Kölver[271],mvāt-,false,,
DolakhaNewari-8_tobealive-1,,DolakhaNewari,8_tobealive,mwāt-,mwat-,m w a t,OTib.mod pa,Genetti[532],mvāt-,false,,
ClassicalNewari-9_thebelly-1,,ClassicalNewari,9_thebelly,pvāta,pwat,p w a t,,DCN[305],pvāt-,false,,
KathmanduNewari-9_thebelly-1,,KathmanduNewari,9_thebelly,pvāḥ,pwaː,p w aː,,Kölver[217],pvāt-,false,,
OldNewari-9_thebelly-1,,OldNewari,9_thebelly,phū,pʰu,pʰ u,OTib. pho ba,DCN[312],phu,false,,
ClassicalNewari-9_thebelly-2,,ClassicalNewari,9_thebelly,phu,pʰu,pʰ u,OTib. pho ba,DCN[312],phu,false,,
OldNewari-9_thebelly-2,,OldNewari,9_thebelly,pyaṃṭa,pjẽʈɑ,p j ẽ ʈ ɑ,,DCN[299],pyaṃṭa,true,,
ClassicalNewari-9_thebelly-3,,ClassicalNewari,9_thebelly,peta,pet,p e t,,DCN[299],pyaṃṭa,true,,
DolakhaNewari-9_thebelly-1,,DolakhaNewari,9_thebelly,pyāṭā,pjaʈa,p j a ʈ a,,Genetti[534],pyaṃṭa,true,,
OldNewari-11_big-1,,OldNewari,11_big,tava,tɑwo,t ɑ w o,"ta- : tall, high, big",DCN[173],ta-,false,,
ClassicalNewari-11_big-1,,ClassicalNewari,11_big,taomā,tɑwoma,t ɑ w o m a,"ta- : tall, high, big",DCN[169],ta-,false,,
KathmanduNewari-11_big-1,,KathmanduNewari,11_big,ta,tɔ,t ɔ,"ta- : tall, high, big",Kölver[124],ta-,false,,
ClassicalNewari-11_big-2,,ClassicalNewari,11_big,dhū ?,dʰu,dʰ u,,DCN[245],dhu-,false,,
DolakhaNewari-11_big-1,,DolakhaNewari,11_big,ḍwākar-,ɖwakɑr,ɖ w a k ɑ r,,Genetti[526],dhu-,false,,
ClassicalNewari-12_thebird-1,,ClassicalNewari,12_thebird,jhaṅgala,dʑʰɑgɑl,dʑʰ ɑ g ɑ l,,DCN[161],jhaṅgal,false,,
KathmanduNewari-12_thebird-1,,KathmanduNewari,12_thebird,jhaṃgaḥ,dʑʰɔ̃gɔ:,dʑʰ ɔ̃ g ɔ:,,Kölver[118],jhaṅgal,false,,
DolakhaNewari-12_thebird-1,,DolakhaNewari,12_thebird,jāṅal,dʑʰaŋɑl,dʑʰ a ŋ ɑ l,,Genetti[528],jhaṅgal,false,,
DolakhaNewari-12_thebird-2,,DolakhaNewari,12_thebird,ciḍiya,tɕiɖiyɑ,tɕ i ɖ i j ɑ,,Genetti[525],ciḍiya,false,,
OldNewari-13_tobite-1,,OldNewari,13_tobite,ṅār-,ŋar-,ŋ a r,,DCN[103],ṅār-,false,,
ClassicalNewari-13_tobite-1,,ClassicalNewari,13_tobite,ṅār-,ŋar-,ŋ a r,,DCN[103],ṅār-,false,,
KathmanduNewari-13_tobite-1,,KathmanduNewari,13_tobite,nyāt-,njat-,n j a t,,Kölver[191],ṅār-,false,,
DolakhaNewari-13_tobite-1,,DolakhaNewari,13_tobite,ṅār-,ŋar-,ŋ a r,,Genetti[532],ṅār-,false,,
OldNewari-13_tobite-2,,OldNewari,13_tobite,ṅhel-,ŋ̥el-,ŋ̥ e l,,Jorg[56],ṅhel-,false,,
ClassicalNewari-14_black-1,,ClassicalNewari,14_black,hāku,haku,h a k u,,DCN[521],hāk-,false,,
KathmanduNewari-14_black-1,,KathmanduNewari,14_black,hāku,haku,h a k u,,Kölver[332],hāk-,false,,
DolakhaNewari-14_black-1,,DolakhaNewari,14_black,hākar-(be.black),hakɑr-,h a k ɑ r,,Genetti[527],hāk-,false,,
OldNewari-15_theblood-1,,OldNewari,15_theblood,hī,hi,h i,,DCN[525],hi,false,,
ClassicalNewari-15_theblood-1,,ClassicalNewari,15_theblood,hi,hi,h i,,DCN[525],hi,false,,
KathmanduNewari-15_theblood-1,,KathmanduNewari,15_theblood,hi,hi,h i,,Kölver[335],hi,false,,
DolakhaNewari-15_theblood-1,,DolakhaNewari,15_theblood,hi,hi,h i,,Genetti[527],hi,false,,
OldNewari-18_thebone-1,,OldNewari,18_thebone,kvas,kos,k o s,,DCN[66],kvas,false,,
ClassicalNewari-18_thebone-1,,ClassicalNewari,18_thebone,kosa,kos,k o s,,DCN[66],kvas,false,,
KathmanduNewari-18_thebone-1,,KathmanduNewari,18_thebone,kvayṃ,kɔ̃ĩ,k ɔ̃ĩ,,Kölver[46],kvas,false,,
DolakhaNewari-18_thebone-1,,DolakhaNewari,18_thebone,koṃsa,kõsɑ,k õ s ɑ,,Genetti[529],kvas,false,,
ClassicalNewari-19_thebranch-1,,ClassicalNewari,19_thebranch,kacā,kɑtɕa,k ɑ tɕ a,အကိုင်း • (a.kuing:),DCN[37],kacā,false,,
KathmanduNewari-19_thebranch-1,,KathmanduNewari,19_thebranch,kacā,kɔtɕa,k ɔ tɕ a,အကိုင်း • (a.kuing:),Kölver[24],kacā,false,,
DolakhaNewari-19_thebranch-1,,DolakhaNewari,19_thebranch,kāṃcā,kãtɕa,k ã tɕ a,အကိုင်း • (a.kuing:),Genetti[529],kacā,false,,
ClassicalNewari-20_thebreastfemale-1,,ClassicalNewari,20_thebreastfemale,putanu,putɑnu,p u t ɑ n u,,DCN[290],putanu,false,,
KathmanduNewari-20_thebreastfemale-1,,KathmanduNewari,20_thebreastfemale,tutu,tutu,t u t u,,Kölver[139],tutu,false,,
OldNewari-22_tobuy-1,,OldNewari,22_tobuy,ṅyāt-,ŋjat-,ŋ j a t,OTib.nyo,DCN[106],ṅyāt-,false,,
ClassicalNewari-22_tobuy-1,,ClassicalNewari,22_tobuy,ṅāt-,ŋat-,ŋ a t,OTib.nyo,Jorg[54],ṅyāt-,false,,
KathmanduNewari-22_tobuy-1,,KathmanduNewari,22_tobuy,nyāt-,njat-,n j a t,OTib.nyo,Kölver[191],ṅyāt-,false,,
DolakhaNewari-22_tobuy-1,,DolakhaNewari,22_tobuy,ṅyāt-,ŋjat-,ŋ j a t,OTib.nyo,Genetti[532],ṅyāt-,false,,
OldNewari-23_tochew-1,,OldNewari,23_tochew,ṅhel-,ŋ̥el-,ŋ̥ e l,OC.咬,Jorg[56],ṅhel-,false,,
KathmanduNewari-23_tochew-1,,KathmanduNewari,23_tochew,nhel-,n̥el-,n̥ e l,OC.咬,Kölver[197],ṅhel-,false,,
DolakhaNewari-23_tochew-1,,DolakhaNewari,23_tochew,yāl-,jal-,j a l,,Genetti[538],yāl-,false,,
ClassicalNewari-25_thecloud-1,,ClassicalNewari,25_thecloud,śu,su,s u,,DCN[470],su,false,,
KathmanduNewari-25_thecloud-1,,KathmanduNewari,25_thecloud,kha-su,kʰɔ-su,kʰ ɔ s u,,Kölver[52],su,false,,
DolakhaNewari-25_thecloud-1,,DolakhaNewari,25_thecloud,kho-su,kʰo-su,kʰ o s u,,Genetti[530],su,false,,
ClassicalNewari-26_coldoftemperature-1,,ClassicalNewari,26_coldoftemperature,khvāṅu,kʰwaŋu,kʰ w a ŋ u,,DCN[81],khvāṅu,false,,
KathmanduNewari-26_coldoftemperature-1,,KathmanduNewari,26_coldoftemperature,khvāuṃ,kʰwãũ,kʰ w ãũ,,Kölver[60],khvāṅu,false,,
DolakhaNewari-26_coldoftemperature-1,,DolakhaNewari,26_coldoftemperature,khwāṃgar,kʰwãgɑr,kʰ w ã g ɑ r,,Genetti[530],khvāṅu,false,,
ClassicalNewari-26_coldoftemperature-2,,ClassicalNewari,26_coldoftemperature,ciku,tɕiku,tɕ i k u,,DCN[119],ciku,false,,
KathmanduNewari-26_coldoftemperature-2,,KathmanduNewari,26_coldoftemperature,ciku,tɕiku,tɕ i k u,,Kölver[85],ciku,false,,
DolakhaNewari-26_coldoftemperature-2,,DolakhaNewari,26_coldoftemperature,cikār-,tɕikar-,tɕ i k a r,,Genetti[525],ciku,false,,
KathmanduNewari-26_coldoftemperature-3,,KathmanduNewari,26_coldoftemperature,phvāuṃ,pʰwãũ,pʰ w ãũ,,Kölver[225],phvāuṃ,false,,
KathmanduNewari-26_coldoftemperature-4,,KathmanduNewari,26_coldoftemperature,sitāṃga,sitãgɔ,s i t ã g ɔ,,Kölver[316],sitāṃga,false,,
OldNewari-27_tocome-1,,OldNewari,27_tocome,var-,wɑr-,w ɑ r,wonya existe aussi,DCN[458],var-,false,,
ClassicalNewari-27_tocome-1,,ClassicalNewari,27_tocome,var-,wɑr-,w ɑ r,wonya existe aussi,DCN[458],var-,false,,
KathmanduNewari-27_tocome-1,,KathmanduNewari,27_tocome,val-,wɔl-,w ɔ l,wonya existe aussi,Kölver[300],var-,false,,
OldNewari-27_tocome-2,,OldNewari,27_tocome,jhār-,dʑʰar-,dʑʰ a r,honorific,DCN[161],jhar-,false,,
ClassicalNewari-27_tocome-2,,ClassicalNewari,27_tocome,jhāl-,dʑʰal-,dʑʰ a l,honorific,Jorg[74],jhar-,false,,
KathmanduNewari-27_tocome-2,,KathmanduNewari,27_tocome,jhāl-,dʑʰal-,dʑʰ a l,honorific,Kölver[120],jhar-,false,,
DolakhaNewari-27_tocome-1,,DolakhaNewari,27_tocome,"jā-sin(imp.,come!)",dʑasin,dʑ a s i n,honorific,Genetti[528],jhar-,false,,
OldNewari-27_tocome-3,,OldNewari,27_tocome,ye ,je,j e,,DCN[417],yer-,false,,
DolakhaNewari-27_tocome-2,,DolakhaNewari,27_tocome,yer-,jer-,j e r,,Genetti[538],yer-,false,,
OldNewari-29_tocount-1,,OldNewari,29_tocount,ṅīsyaṃ/ṅīye ,ŋisẽ,ŋ i s ẽ,,DCN[103],ṅit-,false,,
OldNewari-29_tocount-2,,OldNewari,29_tocount,ṅīsyaṃ/ṅīye ,ŋije,ŋ i j e,,DCN[103],ṅit-,false,,
ClassicalNewari-29_tocount-1,,ClassicalNewari,29_tocount,ṅin-/t-,ŋit-,ŋ i t,,Jorg[54],ṅit-,false,,
ClassicalNewari-29_tocount-2,,ClassicalNewari,29_tocount,ṅin-/t-,ŋin-,ŋ i n,,Jorg[54],ṅit-,false,,
KathmanduNewari-29_tocount-1,,KathmanduNewari,29_tocount,nit-/nin-,nit-,n i t,,Kölver[187],ṅit-,false,,
KathmanduNewari-29_tocount-2,,KathmanduNewari,29_tocount,nit-/nin-,nin-,n i n,,Kölver[187],ṅit-,false,,
ClassicalNewari-30_tocryweep-1,,ClassicalNewari,30_tocryweep,khor-,kʰor-,kʰ o r,,DCN[79],khor-,false,,
KathmanduNewari-30_tocryweep-1,,KathmanduNewari,30_tocryweep,khval-,kʰol-,kʰ o l,,Kölver[60],khor-,false,,
DolakhaNewari-30_tocryweep-1,,DolakhaNewari,30_tocryweep,khor-,kʰor-,kʰ o r,,Genetti[530],khor-,false,,
OldNewari-34_todie-1,,OldNewari,34_todie,sit-,sit-,s i t,"OTib.shi, OC.死*sijʔ",DCN[494],sit-,false,,
ClassicalNewari-34_todie-1,,ClassicalNewari,34_todie,sit-,sit-,s i t,"OTib.shi, OC.死*sijʔ",DCN[494],sit-,false,,
KathmanduNewari-34_todie-1,,KathmanduNewari,34_todie,sit-,sit-,s i t,"OTib.shi, OC.死*sijʔ",Kölver[317],sit-,false,,
DolakhaNewari-34_todie-1,,DolakhaNewari,34_todie,"sir-,sit-",sir-,s i r,"OTib.shi, OC.死*sijʔ",Genetti[535],sit-,false,,
DolakhaNewari-34_todie-2,,DolakhaNewari,34_todie,"sir-,sit-",sit-,s i t,"OTib.shi, OC.死*sijʔ",Genetti[535],sit-,false,,
OldNewari-34_todie-2,,OldNewari,34_todie,mor-,mor-,m o r,,DCN[401],mol-,false,,
ClassicalNewari-34_todie-2,,ClassicalNewari,34_todie,mor-,mor-,m o r,,DCN[401],mol-,false,,
OldNewari-35_todig-1,,OldNewari,35_todig,mhuya,m̥uje,m̥ u j e,,DCN[407],mhur-,false,,
ClassicalNewari-35_todig-1,,ClassicalNewari,35_todig,mhul-,m̥ul-,m̥ u l,,Jorg[148],mhur-,false,,
KathmanduNewari-35_todig-1,,KathmanduNewari,35_todig,mhul-,m̥ul-,m̥ u l,,Kölver[273],mhur-,false,,
DolakhaNewari-35_todig-1,,DolakhaNewari,35_todig,mur-,mur-,m u r,,Genetti[531],mhur-,false,,
OldNewari-35_todig-2,,OldNewari,35_todig,kīsyaṃ/kīye,kisẽ,k i s ẽ,,DCN[51],kīsyaṃ,false,,
OldNewari-35_todig-3,,OldNewari,35_todig,kīsyaṃ/kīye,kije,k i j e,,DCN[51],kīsyaṃ,false,,
ClassicalNewari-35_todig-2,,ClassicalNewari,35_todig,khit/n-,kʰit-,kʰ i t,,Jorg[45],khit-/n-,false,,
ClassicalNewari-35_todig-3,,ClassicalNewari,35_todig,khit/n-,n-,n,,Jorg[45],khit-/n-,false,,
ClassicalNewari-35_todig-4,,ClassicalNewari,35_todig,kvāya,kwaje,k w a j e,,DCN[67],kvāya,false,,
OldNewari-36_dirty-1,,OldNewari,36_dirty,koyāra,kojarɑ,k o j a r ɑ,,DCN[61],koyāra,false,,
ClassicalNewari-36_dirty-1,,ClassicalNewari,36_dirty,koyāra,kojar,k o j a r,,DCN[61],koyāra,false,,
OldNewari-36_dirty-2,,OldNewari,36_dirty,hāko,hako,h a k o,,DCN[521],hāko,false,,
ClassicalNewari-36_dirty-2,,ClassicalNewari,36_dirty,malina,mɑlin,m ɑ l i n,,DCN[381],malina,false,,
ClassicalNewari-36_dirty-3,,ClassicalNewari,36_dirty,jel,dʑel,dʑ e l,,,jel,false,,
KathmanduNewari-36_dirty-1,,KathmanduNewari,36_dirty,pvahar,pohɔr,p o h ɔ r,,Kölver[216],pvahar/phvaḥr,false,,
KathmanduNewari-36_dirty-2,,KathmanduNewari,36_dirty,nhetul-,n̥etul-,n̥ e t u l,,Kölver[196],nhetul-,false,,
OldNewari-37_thedog-1,,OldNewari,37_thedog,khicā,kʰitɕa,kʰ i tɕ a,OTib. khyi,DCN[75],khi-,false,,
ClassicalNewari-37_thedog-1,,ClassicalNewari,37_thedog,khina,kʰin,kʰ i n,OTib. khyi,DCN[76],khi-,false,,
KathmanduNewari-37_thedog-1,,KathmanduNewari,37_thedog,khicā,kʰitɕa,kʰ i tɕ a,OTib. khyi,Kölver[55],khi-,false,,
DolakhaNewari-37_thedog-1,,DolakhaNewari,37_thedog,khicā,kʰitɕa,kʰ i tɕ a,OTib. khyi,Genetti[530],khi-,false,,
ClassicalNewari-37_thedog-2,,ClassicalNewari,37_thedog,svapī,sopi,s o p i,,DCN[514],svapī,false,,
OldNewari-37_thedog-2,,OldNewari,37_thedog,co,tɕo,tɕ o,,Jorg[62],co,false,,
OldNewari-38_thedream-1,,OldNewari,38_thedream,mhaṃgva,m̥ɑ̃go,m̥ ɑ̃ g o,"<*smang, OTib. rmang",DCN[509],mhaṃg-,false,,
ClassicalNewari-38_thedream-1,,ClassicalNewari,38_thedream,mhagas,m̥ɑ̃gɑs,m̥ ɑ̃ g ɑ s,"<*smang, OTib. rmang",Jorg[147],mhaṃg-,false,,
KathmanduNewari-38_thedream-1,,KathmanduNewari,38_thedream,mhagasa,m̥ɔgɔsɔ,m̥ ɔ g ɔ s ɔ,"<*smang, OTib. rmang",Kölver[271],mhaṃg-,false,,
DolakhaNewari-38_thedream-1,,DolakhaNewari,38_thedream,māṅas,maŋɑs,m a ŋ ɑ s,"<*smang, OTib. rmang",Genetti[531],mhaṃg-,false,,
OldNewari-39_todrink-1,,OldNewari,39_todrink,tvaṃñe,tõɲe,t õ ɲ e,OTib.'thung ba,DCN[191],ton-,false,,
ClassicalNewari-39_todrink-1,,ClassicalNewari,39_todrink,ton-,ton-,t o n,OTib.'thung ba,DCN[191],ton-,false,,
KathmanduNewari-39_todrink-1,,KathmanduNewari,39_todrink,tvan-,ton-,t o n,OTib.'thung ba,Kölver[143],ton-,false,,
DolakhaNewari-39_todrink-1,,DolakhaNewari,39_todrink,ton-,ton-,t o n,OTib.'thung ba,Genetti[537],ton-,false,,
ClassicalNewari-40_dry-1,,ClassicalNewari,40_dry,gan-,gɑn-,g ɑ n,,Jorg[48],gan-,false,,
KathmanduNewari-40_dry-1,,KathmanduNewari,40_dry,gan-,gɔn-,g ɔ n,,Kölver[63],gan-,false,,
DolakhaNewari-40_dry-1,,DolakhaNewari,40_dry,gān-,gan-,g a n,,Genetti[527],gan-,false,,
ClassicalNewari-40_dry-2,,ClassicalNewari,40_dry,yiku,jiku,j i k u,,Jorg[149],yiku,false,,
DolakhaNewari-40_dry-2,,DolakhaNewari,40_dry,pār-,par-,p a r,,Genetti[533],pār-,false,,
DolakhaNewari-40_dry-3,,DolakhaNewari,40_dry,sut-,sut-,s u t,,Genetti[535],sut-,false,,
ClassicalNewari-41_thedust-1,,ClassicalNewari,41_thedust,dhūra,dʰur,dʰ u r,,DCN[246],dhu-,false,,
KathmanduNewari-41_thedust-1,,KathmanduNewari,41_thedust,dhū,dʰu:,dʰ u:,,Kölver[178],dhu-,false,,
ClassicalNewari-41_thedust-2,,ClassicalNewari,41_thedust,ku,ku,k u,,Jorg[37],ku,false,,
KathmanduNewari-41_thedust-2,,KathmanduNewari,41_thedust,khāg,kʰag,kʰ a g,,Kölver[53],khāg,false,,
ClassicalNewari-42_theear-1,,ClassicalNewari,42_theear,nhasa,n̥ɑs,n̥ ɑ s,nhaś-ana fait à cause de l'homophonie de nhasa'7'?,Jorg[104],nhas-,false,,
KathmanduNewari-42_theear-1,,KathmanduNewari,42_theear,nhāypaṃ,n̥ajpɔ̃,n̥ a j p ɔ̃,nhaś-ana fait à cause de l'homophonie de nhasa'7'?,Kölver[193],nhas-,false,,
DolakhaNewari-42_theear-1,,DolakhaNewari,42_theear,naspuṭi,nɑspuʈi,n ɑ s p u ʈ i,nhaś-ana fait à cause de l'homophonie de nhasa'7'?,Genetti[532],nhas-,false,,
ClassicalNewari-44_theearthsoil-1,,ClassicalNewari,44_theearthsoil,cā,tɕa,tɕ a,,Jorg[58],cā,false,,
KathmanduNewari-44_theearthsoil-1,,KathmanduNewari,44_theearthsoil,cā,tɕa,tɕ a,,Kölver[82],cā,false,,
OldNewari-44_theearthsoil-1,,OldNewari,44_theearthsoil,khapāye,kʰɑpaje,kʰ ɑ p a j e,,DCN[71],khapāye,false,,
OldNewari-46_toeat-1,,OldNewari,46_toeat,nar-,nɑr-,n ɑ r,OC.茹*naʔ,Jorg[99],nar-,false,,
ClassicalNewari-46_toeat-1,,ClassicalNewari,46_toeat,naya,nɑje,n ɑ j e,OC.茹*naʔ,DCN[250],nar-,false,,
KathmanduNewari-46_toeat-1,,KathmanduNewari,46_toeat,nal-,nɔl-,n ɔ l,OC.茹*naʔ,Kölver[183],nar-,false,,
DolakhaNewari-46_toeat-1,,DolakhaNewari,46_toeat,nar-,nɑr-,n ɑ r,OC.茹*naʔ,Genetti[532],nar-,false,,
ClassicalNewari-47_theegg-1,,ClassicalNewari,47_theegg,kheṃja,kʰẽdʑ,kʰ ẽ dʑ,"ṣ est parfois utilisé pour transcire kh(Jorg 1936, 9)",DCN[78],kheṃja,false,,
KathmanduNewari-47_theegg-1,,KathmanduNewari,47_theegg,kheṃ,kʰẽ,kʰ ẽ,"ṣ est parfois utilisé pour transcire kh(Jorg 1936, 9)",Kölver[58],kheṃja,false,,
DolakhaNewari-47_theegg-1,,DolakhaNewari,47_theegg,kheṃja,kʰẽdʑɑ,kʰ ẽ dʑ ɑ,"ṣ est parfois utilisé pour transcire kh(Jorg 1936, 9)",Genetti[530],kheṃja,false,,
OldNewari-48_eight-1,,OldNewari,48_eight,cyā,tɕja,tɕ j a,*b-rjat>rcja>cyā,DCN[128],cyā,false,,
ClassicalNewari-48_eight-1,,ClassicalNewari,48_eight,cyā,tɕja,tɕ j a,*b-rjat>rcja>cyā,Jorg[63],cyā,false,,
KathmanduNewari-48_eight-1,,KathmanduNewari,48_eight,cyā,tɕja,tɕ j a,*b-rjat>rcja>cyā,Kölver[92],cyā,false,,
DolakhaNewari-48_eight-1,,DolakhaNewari,48_eight,cyā,tɕja,tɕ j a,*b-rjat>rcja>cyā,Genetti[525],cyā,false,,
OldNewari-49_theeye-1,,OldNewari,49_theeye,mi,mi,m i,OTib.mig,DCN[391],mi,false,,
ClassicalNewari-49_theeye-1,,ClassicalNewari,49_theeye,mi,mi,m i,OTib.mig,DCN[391],mi,false,,
KathmanduNewari-49_theeye-1,,KathmanduNewari,49_theeye,mi-khā,mi-kʰa,m i kʰ a,OTib.mig,Kölver[265],mi,false,,
DolakhaNewari-49_theeye-1,,DolakhaNewari,49_theeye,mikhā,mikʰa,m i kʰ a,OTib.mig,Genetti[531],mi,false,,
ClassicalNewari-50_far-1,,ClassicalNewari,50_far,tā,ta,t a,"Sert à former: tā-pāk(tā-pāyā'far'), tā-pāle(adv. far off)",Jorg[77],ta,false,,
KathmanduNewari-50_far-1,,KathmanduNewari,50_far,tāpā,tapa,t a p a,"Sert à former: tā-pāk(tā-pāyā'far'), tā-pāle(adv. far off)",Kölver[133],ta,false,,
DolakhaNewari-50_far-1,,DolakhaNewari,50_far,ṭāen,ʈaen,ʈ ae n,"Sert à former: tā-pāk(tā-pāyā'far'), tā-pāle(adv. far off)",Genetti[537],ta,false,,
ClassicalNewari-52_thefeather-1,,ClassicalNewari,52_thefeather,pā,pa,p a, 'wing' dans Jorg 1936,DCN[279],pā,false,,
KathmanduNewari-52_thefeather-1,,KathmanduNewari,52_thefeather,pā,pa,p a, 'wing' dans Jorg 1936,Kölver[204],pā,false,,
DolakhaNewari-52_thefeather-1,,DolakhaNewari,52_thefeather,khapa,kʰɑpɑ,kʰ ɑ p ɑ, 'wing' dans Jorg 1936,Genetti[529],pā,false,,
ClassicalNewari-53_tofight-1,,ClassicalNewari,53_tofight,lvāt-,lwat-,l w a t,Japh.lɤt(alɯlɤt),DCN[452],lvāt-,false,,
KathmanduNewari-53_tofight-1,,KathmanduNewari,53_tofight,lvāt-,lwat-,l w a t,Japh.lɤt(alɯlɤt),Kölver[297],lvāt-,false,,
DolakhaNewari-53_tofight-1,,DolakhaNewari,53_tofight,lwāt-,lwat-,l w a t,Japh.lɤt(alɯlɤt),Genetti[531],lvāt-,false,,
OldNewari-54_thefire-1,,OldNewari,54_thefire,me,me,m e,"OTib.me, Japh. smi",DCN[398],me,false,,
ClassicalNewari-54_thefire-1,,ClassicalNewari,54_thefire,mi,mi,m i,"OTib.me, Japh. smi",DCN[398],me,false,,
KathmanduNewari-54_thefire-1,,KathmanduNewari,54_thefire,mi,mi,m i,"OTib.me, Japh. smi",Kölver[265],me,false,,
DolakhaNewari-54_thefire-1,,DolakhaNewari,54_thefire,mi,mi,m i,"OTib.me, Japh. smi",Genetti[531],me,false,,
ClassicalNewari-56_thefish-1,,ClassicalNewari,56_thefish,ṅā,ŋa,ŋ a,"OTib.nya, OC.鱼*[r.ŋ]a",Jorg[54],ṅā-,false,,
KathmanduNewari-56_thefish-1,,KathmanduNewari,56_thefish,nyā,ɲa,ɲ a,"OTib.nya, OC.鱼*[r.ŋ]a",Kölver[190],ṅā-,false,,
DolakhaNewari-56_thefish-1,,DolakhaNewari,56_thefish,ṅā,ŋa,ŋ a,"OTib.nya, OC.鱼*[r.ŋ]a",Genetti[532],ṅā-,false,,
OldNewari-57_five-1,,OldNewari,57_five,ṅaṃ,ŋɑ̃,ŋ ɑ̃,anusvāra à cause de l'analogie de 3(soṃ)?,DCN[100],ṅā,false,,
ClassicalNewari-57_five-1,,ClassicalNewari,57_five,ṅa,ŋɑ,ŋ ɑ,anusvāra à cause de l'analogie de 3(soṃ)?,Jorg[54],ṅā,false,,
KathmanduNewari-57_five-1,,KathmanduNewari,57_five,nyā,ɲa,ɲ a,anusvāra à cause de l'analogie de 3(soṃ)?,Kölver[190],ṅā,false,,
DolakhaNewari-57_five-1,,DolakhaNewari,57_five,ṅā,ŋa,ŋ a,anusvāra à cause de l'analogie de 3(soṃ)?,Genetti[532],ṅā,false,,
OldNewari-61_theflower-1,,OldNewari,61_theflower,svāna,swanɑ,s w a n ɑ,Skt.sumanā,DCN[515],svān,false,,
ClassicalNewari-61_theflower-1,,ClassicalNewari,61_theflower,svān,swan,s w a n,Skt.sumanā,Jorg[174],svān,false,,
KathmanduNewari-61_theflower-1,,KathmanduNewari,61_theflower,svāṃ,swã,s w ã,Skt.sumanā,Kölver[328],svān,false,,
DolakhaNewari-61_theflower-1,,DolakhaNewari,61_theflower,sona,sonɑ,s o n ɑ,Skt.sumanā,Genetti[535],svān,false,,
ClassicalNewari-61_theflower-2,,ClassicalNewari,61_theflower,bo,bo,b o,,DCN[343],bo,false,,
ClassicalNewari-62_toflymovethroughair-1,,ClassicalNewari,62_toflymovethroughair,bor-,bor-,b o r,Japh.mbjom,DCN[344],bor-,false,,
KathmanduNewari-62_toflymovethroughair-1,,KathmanduNewari,62_toflymovethroughair,bval-,bol-,b o l,Japh.mbjom,Kölver[243],bor-,false,,
DolakhaNewari-62_toflymovethroughair-1,,DolakhaNewari,62_toflymovethroughair,bor-,bor-,b o r,Japh.mbjom,Genetti[524],bor-,false,,
ClassicalNewari-64_thefoot-1,,ClassicalNewari,64_thefoot,ṛ,ri,r i,(tuti en ON'leg'),DCN[30],ri,false,,
KathmanduNewari-64_thefoot-1,,KathmanduNewari,64_thefoot,pāli,pali,p a l i,(tuti en ON'leg'),Kölver[207],ri,false,,
DolakhaNewari-64_thefoot-1,,DolakhaNewari,64_thefoot,ṭuṭi,ʈuʈi,ʈ u ʈ i,(tuti en ON'leg'),Genetti[537],ri,false,,
ClassicalNewari-65_theforest-1,,ClassicalNewari,65_theforest,guṃ,gũ,g ũ,guṃ pour 'montagne' aussi,Jorg[49],guṃ,false,,
KathmanduNewari-65_theforest-1,,KathmanduNewari,65_theforest,guṃ,gũ,g ũ,guṃ pour 'montagne' aussi,Kölver[67],guṃ,false,,
DolakhaNewari-65_theforest-1,,DolakhaNewari,65_theforest,ban,bɑn,b ɑ n,,Genetti[523],ban,true,,
OldNewari-67_four-1,,OldNewari,67_four,pe(ṃ),pẽ,p ẽ,*blyi>*blcyi>*bcyi>*pcyi>*pi(c>y est bien constaté); anusvāra à cause de l'analogie de 3(soṃ)?,DCN[295],pe,false,,
ClassicalNewari-67_four-1,,ClassicalNewari,67_four,pe(ṃ),pẽ,p ẽ,*blyi>*blcyi>*bcyi>*pcyi>*pi(c>y est bien constaté); anusvāra à cause de l'analogie de 3(soṃ)?,DCN[295],pe,false,,
KathmanduNewari-67_four-1,,KathmanduNewari,67_four,pe,pe,p e,*blyi>*blcyi>*bcyi>*pcyi>*pi(c>y est bien constaté); anusvāra à cause de l'analogie de 3(soṃ)?,Kölver[213],pe,false,,
DolakhaNewari-67_four-1,,DolakhaNewari,67_four,pe(ṃ),pẽ,p ẽ,*blyi>*blcyi>*bcyi>*pcyi>*pi(c>y est bien constaté); anusvāra à cause de l'analogie de 3(soṃ)?,Genetti[533],pe,false,,
OldNewari-72_thefruit-1,,OldNewari,72_thefruit,se,se,s e,,DCN[504],se,false,,
ClassicalNewari-72_thefruit-1,,ClassicalNewari,72_thefruit,se,se,s e,,Jorg[171],se,false,,
KathmanduNewari-72_thefruit-1,,KathmanduNewari,72_thefruit,si,si,s i,,Kölver[314],se,false,,
DolakhaNewari-72_thefruit-1,,DolakhaNewari,72_thefruit,sir-,sir-,s i r,,Genetti[535],se,false,,
OldNewari-72_thefruit-2,,OldNewari,72_thefruit,lāgu,lagu,l a g u,,DCN[436],lāgu,false,,
DolakhaNewari-72_thefruit-2,,DolakhaNewari,72_thefruit,"pāṅ,paiṅgu",paŋ,p a ŋ,,Genetti[533],pāṅ,false,,
OldNewari-73_full-1,,OldNewari,73_full,jāva,dʑawo,dʑ a w o,,DCN[147],jāva,false,,
ClassicalNewari-73_full-1,,ClassicalNewari,73_full,jāva,dʑawo,dʑ a w o,,DCN[147],jāva,false,,
KathmanduNewari-73_full-1,,KathmanduNewari,73_full,jāḥ,dʑa:,dʑ a:,,Kölver[111],jāva,false,,
ClassicalNewari-73_full-2,,ClassicalNewari,73_full,pvāpal,pwapɑl,p w a p ɑ l,,Jorg[117],pvāparaṃ,false,,
OldNewari-73_full-2,,OldNewari,73_full,juseye,dʑuseje,dʑ u s e j e,,DCN[154],juseye,false,,
KathmanduNewari-73_full-2,,KathmanduNewari,73_full,juse,dʑuse,dʑ u s e,,Kölver[114],juseye,false,,
DolakhaNewari-73_full-1,,DolakhaNewari,73_full,khār-,kʰar-,kʰ a r,,Genetti[530],khār-,false,,
KathmanduNewari-73_full-3,,KathmanduNewari,73_full,daṃ,dɔ̃,d ɔ̃,,Kölver[157],daṃ,false,,
DolakhaNewari-73_full-2,,DolakhaNewari,73_full,thikar-,tʰikɑr-,tʰ i k ɑ r,,Genetti[536],thikar-,false,,
OldNewari-74_togive-1,,OldNewari,74_togive,bir-,bir-,b i r,"OTib.sbyin,OC.畀*pits",DCN[332],bir-,false,,
ClassicalNewari-74_togive-1,,ClassicalNewari,74_togive,bir-,bir-,b i r,"OTib.sbyin,OC.畀*pits",DCN[332],bir-,false,,
KathmanduNewari-74_togive-1,,KathmanduNewari,74_togive,bil-,bil-,b i l,"OTib.sbyin,OC.畀*pits",Kölver[237],bir-,false,,
DolakhaNewari-74_togive-1,,DolakhaNewari,74_togive,bir-,bir-,b i r,"OTib.sbyin,OC.畀*pits",Genetti[524],bir-,false,,
OldNewari-76_good-1,,OldNewari,76_good,khava,khawo,k h a w o,"d'autres mots pour dire 'bon' : lag; mots comme bhiṅa sans doute dérivés de bhi'near', dans ce cas-là proche d'une hypothèse de l'étymologie de φίλος, *bhi- voulait dire au début 'proche', qui est aussi utilisé pour former l'instrumental du pluriel en sanskrit, e.g. aśva-bhis.",DCN[73],khava,false,,
OldNewari-76_good-2,,OldNewari,76_good,bhiṃ,bʰĩ,bʰ ĩ,,DCN[353],bhiṃ,false,,
ClassicalNewari-76_good-1,,ClassicalNewari,76_good,bhiṃ,bʰĩ,bʰ ĩ,,DCN[353],bhiṃ,false,,
KathmanduNewari-76_good-1,,KathmanduNewari,76_good,bhiṃ,bʰĩ,bʰ ĩ,,Kölver[249],bhiṃ,false,,
ClassicalNewari-76_good-2,,ClassicalNewari,76_good,nīṅa,niŋ,n i ŋ,,DCN[259],nīṅa,false,,
KathmanduNewari-76_good-2,,KathmanduNewari,76_good,jyū,dʑju,dʑ j u,,Kölver[116],jyū,false,,
KathmanduNewari-76_good-3,,KathmanduNewari,76_good,taḥji,ta:dʑi,t a: dʑ i,,Kölver[130],taḥji,false,,
KathmanduNewari-76_good-4,,KathmanduNewari,76_good,bes,bes,b e s,,Kölver[241],bes,false,,
DolakhaNewari-76_good-1,,DolakhaNewari,76_good,bāṃla-ku(bāṃlat-),bãlɑku,b ã l ɑ k u,,Genetti[524],bāṃla-ku,false,,
OldNewari-77_thegrass-1,,OldNewari,77_thegrass,busa,busɑ,b u s ɑ,busya=bo+se?,DCN[338],busa,false,,
ClassicalNewari-77_thegrass-1,,ClassicalNewari,77_thegrass,busya,buse,b u s e,busya=bo+se?,DCN[338],busa,false,,
ClassicalNewari-77_thegrass-2,,ClassicalNewari,77_thegrass,ghās,gʰas,gʰ a s,,Jorg[53],ghās,true,,
KathmanduNewari-77_thegrass-1,,KathmanduNewari,77_thegrass,ghāyṃ,gʰãĩ,gʰ ãĩ,,Kölver[75],ghās,true,,
DolakhaNewari-77_thegrass-1,,DolakhaNewari,77_thegrass,situgāṃs,situgãs,s i t u g ã s,,Genetti[535],ghās,true,,
OldNewari-78_green-1,,OldNewari,78_green,vāṅu,waŋu,w a ŋ u,,Jorg[30],vāṅu,false,,
ClassicalNewari-78_green-1,,ClassicalNewari,78_green,vāṅu,waŋu,w a ŋ u,,DCN[461],vāṅu,false,,
KathmanduNewari-78_green-1,,KathmanduNewari,78_green,vāuṃ,wãũ,w ãũ,,Kölver[302],vāṅu,false,,
DolakhaNewari-78_green-1,,DolakhaNewari,78_green,oṃgar-,õgɑr-,õ g ɑ r,,Genetti[533],vāṅu,false,,
OldNewari-80_thehairofthehead-1,,OldNewari,80_thehairofthehead,saṃ,sɑ̃,s ɑ̃,,Jorg[159],saṃ,false,,
ClassicalNewari-80_thehairofthehead-1,,ClassicalNewari,80_thehairofthehead,śā,sa,s a,,DCN[467],saṃ,false,,
KathmanduNewari-80_thehairofthehead-1,,KathmanduNewari,80_thehairofthehead,saṃ,sɔ̃,s ɔ̃,,Kölver[304],saṃ,false,,
DolakhaNewari-80_thehairofthehead-1,,DolakhaNewari,80_thehairofthehead,sāṃ,sã,s ã,,Genetti[535],saṃ,false,,
OldNewari-81_thehand-1,,OldNewari,81_thehand,lā,la,l a,OTib. lag pa,DCN[434],lā,false,,
ClassicalNewari-81_thehand-1,,ClassicalNewari,81_thehand,lā,la,l a,OTib. lag pa,Jorg[153],lā,false,,
KathmanduNewari-81_thehand-1,,KathmanduNewari,81_thehand,lhāḥ,l̥a:,l̥ a:,OTib. lag pa,Kölver[298],lā,false,,
DolakhaNewari-81_thehand-1,,DolakhaNewari,81_thehand,lāhā,laha,l a h a,OTib. lag pa,Genetti[530],lā,false,,
OldNewari-83_heorshethirdpersonsingular-1,,OldNewari,83_heorshethirdpersonsingular,o,o,o,,DCN[33],o,false,,
KathmanduNewari-83_heorshethirdpersonsingular-1,,KathmanduNewari,83_heorshethirdpersonsingular,va,wo,w o,,Kölver[299],o,false,,
OldNewari-83_heorshethirdpersonsingular-2,,OldNewari,83_heorshethirdpersonsingular,u,u,u,,DCN[23],u,false,,
ClassicalNewari-83_heorshethirdpersonsingular-1,,ClassicalNewari,83_heorshethirdpersonsingular,u,u,u,,Jorg[26],u,false,,
DolakhaNewari-83_heorshethirdpersonsingular-1,,DolakhaNewari,83_heorshethirdpersonsingular,u,u,u,,Genetti[131],u,false,,
ClassicalNewari-84_thehead-1,,ClassicalNewari,84_thehead,chera,tɕʰer,tɕʰ e r,,DCN[137],cher,false,,
KathmanduNewari-84_thehead-1,,KathmanduNewari,84_thehead,chyaṃ,tɕʰẽ,tɕʰ ẽ,,Kölver[102],cher,false,,
DolakhaNewari-84_thehead-1,,DolakhaNewari,84_thehead,cher,tɕʰer,tɕʰ e r,,Genetti[525],cher,false,,
ClassicalNewari-84_thehead-2,,ClassicalNewari,84_thehead,mol,mol,m o l,,Jorg[146],mol,false,,
KathmanduNewari-84_thehead-2,,KathmanduNewari,84_thehead,mvaḥ,mo:,m o:,,Kölver[270],mol,false,,
DolakhaNewari-84_thehead-2,,DolakhaNewari,84_thehead,kāpal,kapɑl,k a p ɑ l,,Genetti[529],kāpal,false,,
OldNewari-85_tohear-1,,OldNewari,85_tohear,ṅen-,ŋen-,ŋ e n,OTib. nyan,DCN[104],ṅene,false,,
ClassicalNewari-85_tohear-1,,ClassicalNewari,85_tohear,ṅen-,ŋen-,ŋ e n,OTib. nyan,DCN[104],ṅene,false,,
KathmanduNewari-85_tohear-1,,KathmanduNewari,85_tohear,nen-,nen-,n e n,OTib. nyan,Kölver[189],ṅene,false,,
DolakhaNewari-85_tohear-1,,DolakhaNewari,85_tohear,ṅen-,ŋen-,ŋ e n,OTib. nyan,Genetti[532],ṅene,false,,
ClassicalNewari-85_tohear-2,,ClassicalNewari,85_tohear,tāl-,tal-,t a l,,DCN[178],tār-,false,,
KathmanduNewari-85_tohear-2,,KathmanduNewari,85_tohear,tāl-,tal-,t a l,,Kölver[133],tār-,false,,
DolakhaNewari-85_tohear-2,,DolakhaNewari,85_tohear,tār-,tar-,t a r,,Genetti[536],tār-,false,,
ClassicalNewari-86_theheart-1,,ClassicalNewari,86_theheart,nugara,nugɑr,n u g ɑ r,,DCN[260],nugar,false,,
KathmanduNewari-86_theheart-1,,KathmanduNewari,86_theheart,nugaḥ,nuga:,n u g a:,,Kölver[188],nugar,false,,
DolakhaNewari-86_theheart-1,,DolakhaNewari,86_theheart,nugar,nugɑr,n u g ɑ r,,Genetti[532],nugar,false,,
OldNewari-86_theheart-1,,OldNewari,86_theheart,luṃdaṃta,lũdɑ̃tɑ,l ũ d ɑ̃ t ɑ,,DCN[445],luṃdaṃta,false,,
ClassicalNewari-86_theheart-2,,ClassicalNewari,86_theheart,luṃgoḍa,lũgoɖ,l ũ g o ɖ,,DCN[445],luṃdaṃta,false,,
ClassicalNewari-86_theheart-3,,ClassicalNewari,86_theheart,ula,ul,u l,,DCN[29],ula,true,,
ClassicalNewari-86_theheart-4,,ClassicalNewari,86_theheart,hṛdi,hridi,h r i d i,,DCN[526],hṛdi,true,,
ClassicalNewari-87_heavy-1,,ClassicalNewari,87_heavy,jhyātu,dʑʰjatu,dʑʰ j a t u,"<*ghyad-<*sgyad-, OC.杰，OTib.gyad",DCN[163],jhyātu,false,,
KathmanduNewari-87_heavy-1,,KathmanduNewari,87_heavy,jhyātu,dʑʰjatu,dʑʰ j a t u,"<*ghyad-<*sgyad-, OC.杰，OTib.gyad",Kölver[122],jhyātu,false,,
DolakhaNewari-87_heavy-1,,DolakhaNewari,87_heavy,jyātar-,dʑjatɑr-,dʑ j a t ɑ r,"<*ghyad-<*sgyad-, OC.杰，OTib.gyad",Genetti[528],jhyātu,false,,
KathmanduNewari-87_heavy-2,,KathmanduNewari,87_heavy,gen-,gen-,g e n,,Kölver[69],gen-,false,,
ClassicalNewari-89_tohideconceal-1,,ClassicalNewari,89_tohideconceal,dupuye,dupuje,d u p u j e,"sucakāo/sucake aussi, malgré causatif",DCN[227],dupuye,false,,
KathmanduNewari-89_tohideconceal-1,,KathmanduNewari,89_tohideconceal,du-pit-,du-pit-,d u p i t,"sucakāo/sucake aussi, malgré causatif",Kölver[166],dupuye,false,,
ClassicalNewari-89_tohideconceal-2,,ClassicalNewari,89_tohideconceal,sur-,sur-,s u r,,DCN[502],sul-,false,,
KathmanduNewari-89_tohideconceal-2,,KathmanduNewari,89_tohideconceal,sule,sule,s u l e,,Kölver[323],sul-,false,,
DolakhaNewari-89_tohideconceal-1,,DolakhaNewari,89_tohideconceal,sul-,sul-,s u l,,Genetti[535],sul-,false,,
ClassicalNewari-89_tohideconceal-3,,ClassicalNewari,89_tohideconceal,kin-,kin-,k i n,,Jorg[37],kinya,false,,
KathmanduNewari-89_tohideconceal-3,,KathmanduNewari,89_tohideconceal,tvapul-,topul-,t o p u l,,Kölver[143],tvapul-,false,,
ClassicalNewari-91_tohold-1,,ClassicalNewari,91_tohold,kāt-,kat-,k a t,"thācake aussi, malgré caus.",Jorg[36],kat-,false,,
KathmanduNewari-91_tohold-1,,KathmanduNewari,91_tohold,dharalape,dʰɔrɔlɔpe,dʰ ɔ r ɔ l ɔ p e,,Kölver[174],dharalape,true,,
DolakhaNewari-91_tohold-1,,DolakhaNewari,91_tohold,jon-,dʑon-,dʑ o n,,Genetti[528],jon-,false,,
ClassicalNewari-94_thehornkeratinizedskin-1,,ClassicalNewari,94_thehornkeratinizedskin,ṅā,ŋa,ŋ a,,DCN[101],ṅā,false,,
ClassicalNewari-94_thehornkeratinizedskin-2,,ClassicalNewari,94_thehornkeratinizedskin,nikhuta,nikʰut,n i kʰ u t,,DCN[254],nikhuta,false,,
KathmanduNewari-94_thehornkeratinizedskin-1,,KathmanduNewari,94_thehornkeratinizedskin,nekū,neku:,n e k u:,,Kölver[189],nikhuta,false,,
DolakhaNewari-94_thehornkeratinizedskin-1,,DolakhaNewari,94_thehornkeratinizedskin,sānahi,sanɑhi,s a n ɑ h i,(musical),Genetti[535],sānahi,false,,
OldNewari-97_thehouse-1,,OldNewari,97_thehouse,che(ṃ),tɕʰẽ,tɕʰ ẽ,ce aussi attesté,DCN[136],cheṃ,false,,
ClassicalNewari-97_thehouse-1,,ClassicalNewari,97_thehouse,che,tɕʰe,tɕʰ e,ce aussi attesté,Jorg[66],cheṃ,false,,
KathmanduNewari-97_thehouse-1,,KathmanduNewari,97_thehouse,cheṃ,tɕʰẽ,tɕʰ ẽ,ce aussi attesté,Kölver[101],cheṃ,false,,
DolakhaNewari-97_thehouse-1,,DolakhaNewari,97_thehouse,cheṃ,tɕʰẽ,tɕʰ ẽ,ce aussi attesté,Genetti[525],cheṃ,false,,
OldNewari-99_tohunt-1,,OldNewari,99_tohunt,ahala yāye,ɑhɑlɑ,ɑ h ɑ l ɑ,,DCN[15],ahala,true,,
ClassicalNewari-99_tohunt-1,,ClassicalNewari,99_tohunt,ahal,ɑhɑl,ɑ h ɑ l,,Jorg[23],ahala,true,,
DolakhaNewari-99_tohunt-1,,DolakhaNewari,99_tohunt,sikār,sikar-,s i k a r,,Genetti[535],sikār,true,,
OldNewari-101_ifirstpersonsingular-1,,OldNewari,101_ifirstpersonsingular,je,dʑe,dʑ e,,DCN[154],je,false,,
ClassicalNewari-101_ifirstpersonsingular-1,,ClassicalNewari,101_ifirstpersonsingular,je,dʑe,dʑ e,,Jorg[72],je,false,,
KathmanduNewari-101_ifirstpersonsingular-1,,KathmanduNewari,101_ifirstpersonsingular,ji,dʑi,dʑ i,,Kölver[111],je,false,,
DolakhaNewari-101_ifirstpersonsingular-1,,DolakhaNewari,101_ifirstpersonsingular,ji,dʑi,dʑ i,,Genetti[528],je,false,,
OldNewari-104_tokill-1,,OldNewari,104_tokill,syāt-,sjat-,s j a t,"OTib.gsod, OC.杀，Japh.sat",DCN[513],syāt-,false,,
ClassicalNewari-104_tokill-1,,ClassicalNewari,104_tokill,syāt-,sjat-,s j a t,"OTib.gsod, OC.杀，Japh.sat",DCN[513],syāt-,false,,
KathmanduNewari-104_tokill-1,,KathmanduNewari,104_tokill,syāt-,sjat-,s j a t,"OTib.gsod, OC.杀，Japh.sat",Kölver[325],syāt-,false,,
DolakhaNewari-104_tokill-1,,DolakhaNewari,104_tokill,syāt-,sjat-,s j a t,"OTib.gsod, OC.杀，Japh.sat",Genetti[535],syāt-,false,,
OldNewari-106_theknee-1,,OldNewari,106_theknee,paulṛ,poli,p o l i,Sans doute lié à ṛ/ḷ'foot',DCN[299],poli,false,,
ClassicalNewari-106_theknee-1,,ClassicalNewari,106_theknee,pvaḷ,poli,p o l i,Sans doute lié à ṛ/ḷ'foot',Jorg[115],poli,false,,
KathmanduNewari-106_theknee-1,,KathmanduNewari,106_theknee,puli,puli,p u l i,Sans doute lié à ṛ/ḷ'foot',Kölver[213],poli,false,,
OldNewari-111_tolaugh-1,,OldNewari,111_tolaugh,ṅhel-,ŋ̥el-,ŋ̥ e l,OC.戏,DCN[109],ṅhel-,false,,
ClassicalNewari-111_tolaugh-1,,ClassicalNewari,111_tolaugh,ṅhel-,ŋ̥el-,ŋ̥ e l,OC.戏,DCN[109],ṅhel-,false,,
KathmanduNewari-111_tolaugh-1,,KathmanduNewari,111_tolaugh,nhil-,n̥il-,n̥ i l,OC.戏,Kölver[194],ṅhel-,false,,
DolakhaNewari-111_tolaugh-1,,DolakhaNewari,111_tolaugh,ṅil-,ŋil-,ŋ i l,OC.戏,Genetti[532],ṅhel-,false,,
OldNewari-112_theleaf-1,,OldNewari,112_theleaf,hala,hɑlɑ,h ɑ l ɑ,,DCN[520],hala,false,,
ClassicalNewari-112_theleaf-1,,ClassicalNewari,112_theleaf,halā,hɑla,h ɑ l a,,DCN[520],hala,false,,
KathmanduNewari-112_theleaf-1,,KathmanduNewari,112_theleaf,haḥ,hɔ:,h ɔ:,,Kölver[332],hala,false,,
KathmanduNewari-112_theleaf-2,,KathmanduNewari,112_theleaf,pānā,pana,p a n a,,Kölver[206],pānā,false,,
KathmanduNewari-112_theleaf-3,,KathmanduNewari,112_theleaf,pau,pɔw,p ɔ w,,Kölver[198],po,false,,
DolakhaNewari-112_theleaf-1,,DolakhaNewari,112_theleaf,lapti,lɑpti,l ɑ p t i,,Genetti[530],lapti,false,,
DolakhaNewari-112_theleaf-2,,DolakhaNewari,112_theleaf,pālkā,palka,p a l k a,,Genetti[533],pālkā,false,,
ClassicalNewari-114_left-1,,ClassicalNewari,114_left,khava,kʰawo,kʰ a w o,khawo' veut aussi dire 'correcte',Jorg[43],khao,false,,
KathmanduNewari-114_left-1,,KathmanduNewari,114_left,khava,kʰɔwo,kʰ ɔ w o,khawo' veut aussi dire 'correcte',Kölver[52],khao,false,,
DolakhaNewari-114_left-1,,DolakhaNewari,114_left,khau,kʰɑw,kʰ ɑ w,khawo' veut aussi dire 'correcte',Genetti[530],khao,false,,
ClassicalNewari-114_left-2,,ClassicalNewari,114_left,delapā,delɑpa,d e l ɑ p a,,DCN[232],delapā,false,,
ClassicalNewari-119_theliver-1,,ClassicalNewari,119_theliver,se,se,s e,,DCN[504],se,false,,
KathmanduNewari-119_theliver-1,,KathmanduNewari,119_theliver,seṃ,sẽ,s ẽ,,Kölver[324],se,false,,
DolakhaNewari-119_theliver-1,,DolakhaNewari,119_theliver,sēlā,sela,s e l a,,Genetti[535],se,false,,
ClassicalNewari-120_long-1,,ClassicalNewari,120_long,tā-hāo,ta-hawo,t a h a w o,Venant de tā'for a long time; far away',DCN[179],tā-,false,,
KathmanduNewari-120_long-1,,KathmanduNewari,120_long,taḥpu,ta:pu,t a: p u,Venant de tā'for a long time; far away',Kölver[130],tā-,false,,
DolakhaNewari-120_long-1,,DolakhaNewari,120_long,ṭāhāgar-,ʈahagɑr-,ʈ a h a g ɑ r,Venant de tā'for a long time; far away',Genetti[537],tā-,false,,
ClassicalNewari-121_thelouse-1,,ClassicalNewari,121_thelouse,śi,si,s i,"OTib.shig, OC.虱",DCN[468],si,false,,
KathmanduNewari-121_thelouse-1,,KathmanduNewari,121_thelouse,si,si,s i,"OTib.shig, OC.虱",Kölver[314],si,false,,
DolakhaNewari-121_thelouse-1,,DolakhaNewari,121_thelouse,si,si,s i,"OTib.shig, OC.虱",Genetti[535],si,false,,
KathmanduNewari-121_thelouse-2,,KathmanduNewari,121_thelouse,nyāu,njaw,n j a w,,Kölver[190],nyāu,false,,
KathmanduNewari-121_thelouse-3,,KathmanduNewari,121_thelouse,bibi,bibi,b i b i,,Kölver[237],bibi,false,,
KathmanduNewari-121_thelouse-4,,KathmanduNewari,121_thelouse,bubu,bubu,b u b u,,Kölver[239],bubu,false,,
OldNewari-123_themanmalehuman-1,,OldNewari,123_themanmalehuman,mi(ṃ),mi,m i,"OTib.mi, Japh. rmi",DCN[392],mi,false,,
KathmanduNewari-123_themanmalehuman-1,,KathmanduNewari,123_themanmalehuman,mi,mi,m i,"OTib.mi, Japh. rmi",Kölver[265],mi,false,,
DolakhaNewari-123_themanmalehuman-1,,DolakhaNewari,123_themanmalehuman,mi,mi,m i,"OTib.mi, Japh. rmi",Genetti[531],mi,false,,
OldNewari-124_many-1,,OldNewari,124_many,tala,tɑlɑ,t ɑ l ɑ,,DCN[172],tala,false,,
KathmanduNewari-124_many-1,,KathmanduNewari,124_many,taḥ-,ta:,t a:,,Kölver[129],tala,false,,
OldNewari-124_many-2,,OldNewari,124_many,yekva,jeko,j e k o,,DCN[417],yekva,false,,
ClassicalNewari-124_many-1,,ClassicalNewari,124_many,yeko,jeko,j e k o,,DCN[417],yekva,false,,
KathmanduNewari-124_many-2,,KathmanduNewari,124_many,yekva,jeko,j e k o,,Kölver[277],yekva,false,,
DolakhaNewari-124_many-1,,DolakhaNewari,124_many,yeku/yekku,jeku,j e k u,,Genetti[538],yekva,false,,
KathmanduNewari-124_many-3,,KathmanduNewari,124_many,apālaṃ,ɔpalɔ̃,ɔ p a l ɔ̃,,Kölver[7],,false,,
KathmanduNewari-124_many-4,,KathmanduNewari,124_many,uli,uli,u l i,,Kölver[21],uli,false,,
KathmanduNewari-124_many-5,,KathmanduNewari,124_many,gvārra,gwar:a,g w a r: a,,Kölver[73],gvārra/gvālla,false,,
DolakhaNewari-124_many-2,,DolakhaNewari,124_many,gatkeṅ,gɑtkeŋ,g ɑ t k e ŋ,,Genetti[526],gatkeṅ,false,,
DolakhaNewari-124_many-3,,DolakhaNewari,124_many,thupra,tʰuprɑ,tʰ u p r ɑ,,Genetti[537],thupra,false,,
DolakhaNewari-124_many-4,,DolakhaNewari,124_many,biṅkeṅ,biŋkeŋ,b i ŋ k e ŋ,,Genetti[524],biṅkeṅ,false,,
OldNewari-126_themeat-1,,OldNewari,126_themeat,lā,la,l a,"lā est le terme général, d'autres types de viande : dhusu'boiled meat', khune(boiled or stewed), kālā(fried meat)",DCN[434],lā,false,,
ClassicalNewari-126_themeat-1,,ClassicalNewari,126_themeat,rā,ra,r a,"lā est le terme général, d'autres types de viande : dhusu'boiled meat', khune(boiled or stewed), kālā(fried meat)",DCN[434],lā,false,,
KathmanduNewari-126_themeat-1,,KathmanduNewari,126_themeat,lā,la,l a,"lā est le terme général, d'autres types de viande : dhusu'boiled meat', khune(boiled or stewed), kālā(fried meat)",Kölver[285],lā,false,,
KathmanduNewari-126_themeat-2,,KathmanduNewari,126_themeat,māṃsa,mãsɑ,m ã s ɑ,,Kölver[261],māṃsa,false,,
KathmanduNewari-126_themeat-3,,KathmanduNewari,126_themeat,cici,tɕitɕi,tɕ i tɕ i,,Kölver[86],cici,false,,
DolakhaNewari-126_themeat-1,,DolakhaNewari,126_themeat,thoṃsi,tʰõsi,tʰ õ s i,,Genetti[537],thoṃsi,false,,
KathmanduNewari-126_themeat-4,,KathmanduNewari,126_themeat,syā,sja,s j a,,Kölver[325],syā,false,,
ClassicalNewari-128_themoon-1,,ClassicalNewari,128_themoon,merā,mera,m e r a,rā'month'; Dol. melā'festival',DCN[399],merā,false,,
KathmanduNewari-128_themoon-1,,KathmanduNewari,128_themoon,milā,mila,m i l a,rā'month'; Dol. melā'festival',Kölver[266],merā,false,,
DolakhaNewari-128_themoon-1,,DolakhaNewari,128_themoon,nemlā,nemla,n e m l a,rā'month'; Dol. melā'festival',Genetti[532],merā,false,,
KathmanduNewari-128_themoon-2,,KathmanduNewari,128_themoon,lani,lɑni,l ɑ n i,,Kölver[282],lani,false,,
ClassicalNewari-132_themountain-1,,ClassicalNewari,132_themountain,guṃ,gũ,g ũ,"Kathmandu: seulement dans guṃcva'mountain top', co vs. tib.tog)",DCN[50],guṃ,false,,
KathmanduNewari-132_themountain-1,,KathmanduNewari,132_themountain,guṃ,gũ,g ũ,"Kathmandu: seulement dans guṃcva'mountain top', co vs. tib.tog)",Kölver[67],guṃ,false,,
ClassicalNewari-132_themountain-2,,ClassicalNewari,132_themountain,purbbata,purbɑt,p u r b ɑ t,,DCN[293],purbbata,true,,
OldNewari-134_themouth-1,,OldNewari,134_themouth,no,no,n o,,DCN[262],no,false,,
ClassicalNewari-134_themouth-1,,ClassicalNewari,134_themouth,no,no,n o,,DCN[262],no,false,,
KathmanduNewari-134_themouth-1,,KathmanduNewari,134_themouth,nva,no,n o,,Kölver[191],no,false,,
ClassicalNewari-134_themouth-2,,ClassicalNewari,134_themouth,mhuthva,m̥utʰo,m̥ u tʰ o,,DCN[407],mhuthva,false,,
KathmanduNewari-134_themouth-2,,KathmanduNewari,134_themouth,mhutu,m̥utu,m̥ u t u,,Kölver[273],mhuthva,false,,
DolakhaNewari-134_themouth-1,,DolakhaNewari,134_themouth,muthu,mutʰu,m u tʰ u,,Genetti[532],mhuthva,false,,
ClassicalNewari-134_themouth-3,,ClassicalNewari,134_themouth,tvāṭha,twatʰ,t w a tʰ,,DCN[193],tvāṭha,false,,
KathmanduNewari-134_themouth-3,,KathmanduNewari,134_themouth,tvāḥ,twa:,t w a:,,Kölver[145],tvāṭha,false,,
OldNewari-136_thenailfingernailorclaw-1,,OldNewari,136_thenailfingernailorclaw,luṃsiṃ,lũsĩ,l ũ s ĩ,,DCN[445],lusi,false,,
ClassicalNewari-136_thenailfingernailorclaw-1,,ClassicalNewari,136_thenailfingernailorclaw,luṃsi,lũsi,l ũ s i,,DCN[445],lusi,false,,
KathmanduNewari-136_thenailfingernailorclaw-1,,KathmanduNewari,136_thenailfingernailorclaw,lusi,lusi,l u s i,,Kölver[295],lusi,false,,
ClassicalNewari-136_thenailfingernailorclaw-2,,ClassicalNewari,136_thenailfingernailorclaw,kilī,kili,k i l i,,DCN[50],kilī,false,,
KathmanduNewari-136_thenailfingernailorclaw-2,,KathmanduNewari,136_thenailfingernailorclaw,cukū,tɕuku,tɕ u k u,,Kölver[90],cukū,false,,
DolakhaNewari-136_thenailfingernailorclaw-1,,DolakhaNewari,136_thenailfingernailorclaw,kuciri,kutɕiri,k u tɕ i r i,,Genetti[529],kuciri,false,,
ClassicalNewari-137_thename-1,,ClassicalNewari,137_thename,nām,nam,n a m,nām(sanskritisé),Jorg[100],nāṃ,true,,
KathmanduNewari-137_thename-1,,KathmanduNewari,137_thename,nāṃ,nã,n ã,nām(sanskritisé),Kölver[184],nāṃ,true,,
DolakhaNewari-137_thename-1,,DolakhaNewari,137_thename,nām,nam,n a m,nām(sanskritisé),Genetti[532],nāṃ,true,,
KathmanduNewari-138_narrow-1,,KathmanduNewari,138_narrow,cibālā,tɕibala,tɕ i b a l a,sanskritisé,Kölver[87],cibālā,false,,
OldNewari-139_near-1,,OldNewari,139_near,samīp,sɑmip,s ɑ m i p,,Jorg[163],sanipa,false,,
ClassicalNewari-139_near-1,,ClassicalNewari,139_near,sanipa,sɑnip,s ɑ n i p,,DCN[480],sanipa,false,,
ClassicalNewari-139_near-2,,ClassicalNewari,139_near,binaṃ,binɑ̃,b i n ɑ̃,,DCN[331],binaṃ,false,,
ClassicalNewari-139_near-3,,ClassicalNewari,139_near,bhi,bʰi,bʰ i,,DCN[353],bhi,false,,
KathmanduNewari-139_near-1,,KathmanduNewari,139_near,thāy,tʰaj,tʰ a j,(postp.),Kölver[151],thāy,false,,
KathmanduNewari-139_near-2,,KathmanduNewari,139_near,nāpa,napɔ,n a p ɔ,(pp.),Kölver[185],nāpa(ṃ),false,,
KathmanduNewari-139_near-3,,KathmanduNewari,139_near,phusay,pʰusɔj,pʰ u s ɔ j,(pp.),Kölver[223],phusay,false,,
ClassicalNewari-139_near-4,,ClassicalNewari,139_near,antala,ɑntɑl,ɑ n t ɑ l,,DCN[7],antala,true,,
KathmanduNewari-139_near-4,,KathmanduNewari,139_near,likka,lik:ɔ,l i k: ɔ,(adv.),Kölver[289],likka,false,,
ClassicalNewari-139_near-5,,ClassicalNewari,139_near,pāsa,pas,p a s,,DCN[284],pāsa,true,,
ClassicalNewari-139_near-6,,ClassicalNewari,139_near,nikata,nikɑt,n i k ɑ t,,DCN[254],nikata,true,,
ClassicalNewari-139_near-7,,ClassicalNewari,139_near,srapaṭeṅa,srɑpɑteŋ,s r ɑ p ɑ t e ŋ,,DCN[513],srapaṭeṅa,false,,
KathmanduNewari-139_near-5,,KathmanduNewari,139_near,satika,sɔtikɔ,s ɔ t i k ɔ,,Kölver[307],srapaṭeṅa,false,,
ClassicalNewari-140_theneck-1,,ClassicalNewari,140_theneck,gara,gɑr,g ɑ r,,DCN[84],gala,true,,
DolakhaNewari-140_theneck-1,,DolakhaNewari,140_theneck,gala,gɑlɑ,g ɑ l ɑ,,Genetti[526],gala,true,,
ClassicalNewari-140_theneck-2,,ClassicalNewari,140_theneck,kaṇṭha,kɑntʰ,k ɑ n tʰ,,Jorg[34],kaṇṭha,true,,
KathmanduNewari-140_theneck-1,,KathmanduNewari,140_theneck,kathu,kɔtʰu,k ɔ tʰ u,,Kölver[26],kaṇṭha,true,,
KathmanduNewari-140_theneck-2,,KathmanduNewari,140_theneck,kaku/kakku,kɔku,k ɔ k u,emprunté; parfois mol'head' est utilisé,Kölver[24],kaku/kakku,false,,
OldNewari-141_theneedleforsewing-1,,OldNewari,141_theneedleforsewing,mūrham,murhɑm,m u r h ɑ m,vi en Kathmandu est un diphtongue ui.,DCN[398],muru,false,,
ClassicalNewari-141_theneedleforsewing-1,,ClassicalNewari,141_theneedleforsewing,muru,muru,m u r u,vi en Kathmandu est un diphtongue ui.,DCN[396],muru,false,,
KathmanduNewari-141_theneedleforsewing-1,,KathmanduNewari,141_theneedleforsewing,mulu,mulu,m u l u,vi en Kathmandu est un diphtongue ui.,Kölver[268],muru,false,,
DolakhaNewari-141_theneedleforsewing-1,,DolakhaNewari,141_theneedleforsewing,muru,muru,m u r u,vi en Kathmandu est un diphtongue ui.,Genetti[532],muru,false,,
KathmanduNewari-141_theneedleforsewing-2,,KathmanduNewari,141_theneedleforsewing,natū,nɔtu:,n ɔ t u:,,Kölver[182],natū,false,,
KathmanduNewari-141_theneedleforsewing-3,,KathmanduNewari,141_theneedleforsewing,svi,suj,s u j,,Kölver[328],svi,false,,
OldNewari-142_new-1,,OldNewari,142_new,nhola,n̥olɑ,n̥ o l ɑ,,DCN[267],nhol-,false,,
ClassicalNewari-142_new-1,,ClassicalNewari,142_new,nhula,n̥ul,n̥ u l,,DCN[267],nhol-,false,,
KathmanduNewari-142_new-1,,KathmanduNewari,142_new,nhū,n̥u:,n̥ u:,,Kölver[195],nhol-,false,,
DolakhaNewari-142_new-1,,DolakhaNewari,142_new,nulu,nulu,n u l u,,Genetti[532],nhol-,false,,
OldNewari-142_new-2,,OldNewari,142_new,naka,nɑkɑ,n ɑ k ɑ,,DCN[248],naka,false,,
ClassicalNewari-142_new-2,,ClassicalNewari,142_new,naka,nɑk,n ɑ k,,DCN[248],naka,false,,
KathmanduNewari-142_new-2,,KathmanduNewari,142_new,naḥ,nɔ:,n ɔ:,,Kölver[184],naka,false,,
ClassicalNewari-143_nine-1,,ClassicalNewari,143_nine,gu(ṃ),gu,g u,,DCN[87],gu,false,,
KathmanduNewari-143_nine-1,,KathmanduNewari,143_nine,guṃ,gũ,g ũ,,Kölver[67],gu,false,,
DolakhaNewari-143_nine-1,,DolakhaNewari,143_nine,gu,gu,g u,,Genetti[527],gu,false,,
OldNewari-146_thenose-1,,OldNewari,146_thenose,nhāsa,n̥asɑ,n̥ a s ɑ,"OTib.rna,OC.耳*C.nɑʔ",DCN[265],nhāsa,false,,
ClassicalNewari-146_thenose-1,,ClassicalNewari,146_thenose,nhās,n̥as,n̥ a s,"OTib.rna,OC.耳*C.nɑʔ",DCN[265],nhāsa,false,,
KathmanduNewari-146_thenose-1,,KathmanduNewari,146_thenose,nhāy,n̥aj,n̥ a j,"OTib.rna,OC.耳*C.nɑʔ",Kölver[193],nhāsa,false,,
DolakhaNewari-146_thenose-1,,DolakhaNewari,146_thenose,nās,nas,n a s,"OTib.rna,OC.耳*C.nɑʔ",Genetti[532],nhāsa,false,,
OldNewari-147_oldofperson-1,,OldNewari,147_oldofperson,jyāṭha,dʑjatʰɑ,dʑ j a tʰ ɑ,,DCN[159],jyāṭha,true,,
ClassicalNewari-147_oldofperson-1,,ClassicalNewari,147_oldofperson,jyāṭha,dʑjatʰ,dʑ j a tʰ,,DCN[159],jyāṭha,true,,
ClassicalNewari-147_oldofperson-2,,ClassicalNewari,147_oldofperson,purāna,puran,p u r a n,,DCN[292],purāna,true,,
ClassicalNewari-147_oldofperson-3,,ClassicalNewari,147_oldofperson,suhupāla,suhupal,s u h u p a l,Souvent sanskritisé en jyātha<jyeṣṭha,DCN[503],suhupāla,false,,
KathmanduNewari-147_oldofperson-1,,KathmanduNewari,147_oldofperson,simsim,simsim,s i m s i m,,Kölver[317],simsim,false,,
KathmanduNewari-147_oldofperson-2,,KathmanduNewari,147_oldofperson,pulāṃ,pulã,p u l ã,,Kölver[213],pulāṃ,false,,
OldNewari-148_one-1,,OldNewari,148_one,chi,tɕʰi,tɕʰ i,"*thi>ON.cha, vu qu'on a t'>c",DCN[133],chi,false,,
ClassicalNewari-148_one-1,,ClassicalNewari,148_one,chi,tɕʰi,tɕʰ i,"*thi>ON.cha, vu qu'on a t'>c",Jorg[65],chi,false,,
KathmanduNewari-148_one-1,,KathmanduNewari,148_one,cha,tɕʰɑ,tɕʰ ɑ,"*thi>ON.cha, vu qu'on a t'>c",Kölver[96],chi,false,,
DolakhaNewari-148_one-1,,DolakhaNewari,148_one,thi,tʰi,tʰ i,"*thi>ON.cha, vu qu'on a t'>c",Genetti[536],chi,false,,
ClassicalNewari-153_toplay-1,,ClassicalNewari,153_toplay,thāt-,tʰat-,tʰ a t,an instrument,Jorg[86],thāt-,false,,
ClassicalNewari-153_toplay-2,,ClassicalNewari,153_toplay,mhet-,m̥et-,m̥ e t,,DCN[407],mhet-,false,,
KathmanduNewari-153_toplay-1,,KathmanduNewari,153_toplay,mhit-,m̥it-,m̥ i t,,Kölver[272],mhet-,false,,
ClassicalNewari-153_toplay-3,,ClassicalNewari,153_toplay,mhetra,m̥etrɑ,m̥ e t r ɑ,(vi.),DCN[407],mhethar-,false,,
DolakhaNewari-153_toplay-1,,DolakhaNewari,153_toplay,methar-,metʰɑr-,m e tʰ ɑ r,(vi.),Genetti[531],mhethar-,false,,
ClassicalNewari-155_topush-1,,ClassicalNewari,155_topush,ghvāt-,gʰwat-,gʰ w a t,"hvāya(to throw dice, to push, toss)",Jorg[54],ghvāt-,false,,
KathmanduNewari-155_topush-1,,KathmanduNewari,155_topush,ghvāt-,gʰwat-,gʰ w a t,"hvāya(to throw dice, to push, toss)",Kölver[78],ghvāt-,false,,
KathmanduNewari-155_topush-2,,KathmanduNewari,155_topush,dhvāt-,dʰwat-,dʰ w a t,,Kölver[180],dhvāt-,false,,
DolakhaNewari-155_topush-1,,DolakhaNewari,155_topush,dwāṅnir-,dwaŋnir-,d w a ŋ n i r,,Genetti[526],dhvāt-,false,,
KathmanduNewari-155_topush-3,,KathmanduNewari,155_topush,dhin-,dʰin-,dʰ i n,,Kölver[176],dhine,false,,
KathmanduNewari-155_topush-4,,KathmanduNewari,155_topush,nyāke,njake,n j a k e,,Kölver[190],nyāke,false,,
ClassicalNewari-156_therain-1,,ClassicalNewari,156_therain,soti,soti,s o t i,suti=su'cloud'+ti'juice',DCN[507],so,false,,
KathmanduNewari-156_therain-1,,KathmanduNewari,156_therain,su,su,s u,suti=su'cloud'+ti'juice',Kölver[319],so,false,,
OldNewari-156_therain-1,,OldNewari,156_therain,vā,wa,w a,,DCN[460],vā,false,,
ClassicalNewari-156_therain-2,,ClassicalNewari,156_therain,vā,wa,w a,,Jorg[30],vā,false,,
KathmanduNewari-156_therain-2,,KathmanduNewari,156_therain,vā,wa,w a,,Kölver[302],vā,false,,
DolakhaNewari-156_therain-1,,DolakhaNewari,156_therain,wā,wa,w a,,Genetti[537],vā,false,,
OldNewari-133_themouseorrat-1,,OldNewari,133_themouseorrat,chu,tɕʰu,tɕʰ u,,Jorg[65],chuṃ,false,,
ClassicalNewari-133_themouseorrat-1,,ClassicalNewari,133_themouseorrat,chuṃ,tɕʰũ,tɕʰ ũ,,DCN[135],chuṃ,false,,
KathmanduNewari-133_themouseorrat-1,,KathmanduNewari,133_themouseorrat,chuṃ,tɕʰũ,tɕʰ ũ,,Kölver[99],chuṃ,false,,
DolakhaNewari-133_themouseorrat-1,,DolakhaNewari,133_themouseorrat,chuṃ,tɕʰũ,tɕʰ ũ,,Genetti[525],chuṃ,false,,
OldNewari-158_red-1,,OldNewari,158_red,hyāṅu,hjaŋu,h j a ŋ u,,DCN[529],hyāṅu,false,,
ClassicalNewari-158_red-1,,ClassicalNewari,158_red,hyāṅu,hjaŋu,h j a ŋ u,,DCN[529],hyāṅu,false,,
KathmanduNewari-158_red-1,,KathmanduNewari,158_red,hyāuṃ,hjãũ,h j ãũ,,Kölver[339],hyāṅu,false,,
KathmanduNewari-158_red-2,,KathmanduNewari,158_red,hemguli,hemguli,h e m g u l i,,Kölver[338],hemguli,false,,
DolakhaNewari-158_red-1,,DolakhaNewari,158_red,heṃgar-,hẽgɑr-,h ẽ g ɑ r,,Genetti[527],hemguli,false,,
OldNewari-159_toresidelive-1,,OldNewari,159_toresidelive,cvaṃn-,tɕon-,tɕ o n,,DCN[128],cone,false,,
ClassicalNewari-159_toresidelive-1,,ClassicalNewari,159_toresidelive,con-,tɕon-,tɕ o n,,DCN[128],cone,false,,
KathmanduNewari-159_toresidelive-1,,KathmanduNewari,159_toresidelive,cvan-,tɕon-,tɕ o n,,Kölver[93],cone,false,,
DolakhaNewari-159_toresidelive-1,,DolakhaNewari,159_toresidelive,con-,tɕon-,tɕ o n,,Genetti[525],cone,false,,
ClassicalNewari-159_toresidelive-2,,ClassicalNewari,159_toresidelive,svan-,son-,s o n,,Jorg[172],svanya,false,,
ClassicalNewari-161_right-1,,ClassicalNewari,161_right,jao,dʑɑwo,dʑ ɑ w o,OTib.g.yas pa,DCN[140],jao,false,,
KathmanduNewari-161_right-1,,KathmanduNewari,161_right,java,dʑɔwo,dʑ ɔ w o,OTib.g.yas pa,Kölver[108],jao,false,,
DolakhaNewari-161_right-1,,DolakhaNewari,161_right,jau,dʑɑw,dʑ ɑ w,OTib.g.yas pa,Genetti[528],jao,false,,
OldNewari-163_theroad-1,,OldNewari,163_theroad,laṃ,lɑ̃,l ɑ̃,OTib.lam,DCN[430],laṃ,false,,
ClassicalNewari-163_theroad-1,,ClassicalNewari,163_theroad,laṃ,lɑ̃,l ɑ̃,OTib.lam,DCN[430],laṃ,false,,
KathmanduNewari-163_theroad-1,,KathmanduNewari,163_theroad,laṃ,lɔ̃,l ɔ̃,OTib.lam,Kölver[280],laṃ,false,,
DolakhaNewari-163_theroad-1,,DolakhaNewari,163_theroad,loṃ,lõ,l õ,OTib.lam,Genetti[531],laṃ,false,,
DolakhaNewari-163_theroad-2,,DolakhaNewari,163_theroad,mula,mulɑ,m u l ɑ,dérivé de laṃ?,Genetti[531],mula,false,,
ClassicalNewari-164_theroot-1,,ClassicalNewari,164_theroot,hā,ha,h a,,DCN[175],hā,false,,
KathmanduNewari-164_theroot-1,,KathmanduNewari,164_theroot,hā,ha,h a,,Kölver[332],hā,false,,
DolakhaNewari-164_theroot-1,,DolakhaNewari,164_theroot,hā,ha,h a,,Genetti[527],hā,false,,
KathmanduNewari-164_theroot-2,,KathmanduNewari,164_theroot,jad,dʑɔd,dʑ ɔ d,,Kölver[106],jad,false,,
OldNewari-164_theroot-1,,OldNewari,164_theroot,lāgu,lagu,l a g u,,DCN[436],lāgu,false,,
ClassicalNewari-165_therope-1,,ClassicalNewari,165_therope,khi,kʰi,kʰ i,,DCN[75],khi,false,,
KathmanduNewari-165_therope-1,,KathmanduNewari,165_therope,khi,kʰi,kʰ i,,Kölver[55],khi,false,,
DolakhaNewari-165_therope-1,,DolakhaNewari,165_therope,gukhi,gukʰi,g u kʰ i,,Genetti[527],khi,false,,
ClassicalNewari-165_therope-2,,ClassicalNewari,165_therope,dhi,dʰi,dʰ i,,Jorg[97],dhi,false,,
ClassicalNewari-165_therope-3,,ClassicalNewari,165_therope,gu,gu,g u,,DCN[87],gu,false,,
OldNewari-165_therope-1,,OldNewari,165_therope,ni,ni,n i,,Jorg[101],ni,false,,
ClassicalNewari-166_round-1,,ClassicalNewari,166_round,ṅu,ŋu,ŋ u,,DCN[103],ṅu,false,,
KathmanduNewari-166_round-1,,KathmanduNewari,166_round,cākalāḥ,tɕakɔla:,tɕ a k ɔ l a:,,Kölver[82],cākalāḥ,true,,
DolakhaNewari-166_round-1,,DolakhaNewari,166_round,gwārtāk,gwartak,g w a r t a k,,Genetti[527],gwārtāk,false,,
DolakhaNewari-166_round-2,,DolakhaNewari,166_round,yārling,jarliŋ,j a r l i ŋ,"(earring,large,round)",Genetti[538],yārling,true,,
OldNewari-168_thesalt-1,,OldNewari,168_thesalt,cī,tɕi,tɕ i,chi' est aussi attesté,DCN[121],ci,false,,
KathmanduNewari-168_thesalt-1,,KathmanduNewari,168_thesalt,ci,tɕi,tɕ i,chi' est aussi attesté,Kölver[85],ci,false,,
DolakhaNewari-168_thesalt-1,,DolakhaNewari,168_thesalt,ci,tɕi,tɕ i,chi' est aussi attesté,Genetti[524],ci,false,,
ClassicalNewari-170_thesand-1,,ClassicalNewari,170_thesand,phi,pʰi,pʰ i,,Jorg[119],phi,false,,
KathmanduNewari-170_thesand-1,,KathmanduNewari,170_thesand,phi,pʰi,pʰ i,,Kölver[221],phi,false,,
OldNewari-171_toscratch-1,,OldNewari,171_toscratch,col-,tɕol-,tɕ o l,,DCN[127],tɕor-,false,,
ClassicalNewari-171_toscratch-1,,ClassicalNewari,171_toscratch,cul-,tɕul-,tɕ u l,,Jorg[61],tɕor-,false,,
ClassicalNewari-171_toscratch-2,,ClassicalNewari,171_toscratch,ele,jel-,j e l,,DCN[32],el-,false,,
KathmanduNewari-171_toscratch-1,,KathmanduNewari,171_toscratch,yel-,jel-,j e l,,Kölver[278],el-,false,,
ClassicalNewari-171_toscratch-3,,ClassicalNewari,171_toscratch,khiṅāo/khine,kʰiŋawo,kʰ i ŋ a w o,,DCN[75],khiṅāo/khine,false,,
ClassicalNewari-171_toscratch-4,,ClassicalNewari,171_toscratch,khiṅāo/khine,kʰine,kʰ i n e,,DCN[75],khiṅāo/khine,false,,
DolakhaNewari-171_toscratch-1,,DolakhaNewari,171_toscratch,casmut-,tɕɑsmut-,tɕ ɑ s m u t,,Genetti[524],casmut-,false,,
OldNewari-173_tosee-1,,OldNewari,173_tosee,khaṃn-,kʰãn-,kʰ ã n,"OTib.mkhan po,OC.看",DCN[69],khan-,false,,
ClassicalNewari-173_tosee-1,,ClassicalNewari,173_tosee,khaṃn-,kʰãn-,kʰ ã n,"OTib.mkhan po,OC.看",DCN[69],khan-,false,,
KathmanduNewari-173_tosee-1,,KathmanduNewari,173_tosee,khan-,kʰɔn-,kʰ ɔ n,"OTib.mkhan po,OC.看",Kölver[51],khan-,false,,
DolakhaNewari-173_tosee-1,,DolakhaNewari,173_tosee,khon-,kʰon-,kʰ o n,"OTib.mkhan po,OC.看",Genetti[530],khan-,false,,
OldNewari-173_tosee-2,,OldNewari,173_tosee,sor-,sor-,s o r,,DCN[509],sor-,false,,
ClassicalNewari-173_tosee-2,,ClassicalNewari,173_tosee,sor-,sor-,s o r,,DCN[509],sor-,false,,
DolakhaNewari-173_tosee-2,,DolakhaNewari,173_tosee,sor-,sor-,s o r,,Genetti[535],sor-,false,,
OldNewari-174_theseed-1,,OldNewari,174_theseed,pū,pu,p u,,DCN[294],pu,false,,
ClassicalNewari-174_theseed-1,,ClassicalNewari,174_theseed,pu,pu,p u,,DCN[294],pu,false,,
KathmanduNewari-174_theseed-1,,KathmanduNewari,174_theseed,pu,pu,p u,,Kölver[211],pu,false,,
DolakhaNewari-174_theseed-1,,DolakhaNewari,174_theseed,puyā,puja,p u j a,,Genetti[534],pu,false,,
OldNewari-175_seven-1,,OldNewari,175_seven,nhasa,n̥ɑsɑ,n̥ ɑ s ɑ,Japh.kɯɕnɯz,DCN[264],nhasa,false,,
ClassicalNewari-175_seven-1,,ClassicalNewari,175_seven,nhas,n̥ɑs,n̥ ɑ s,Japh.kɯɕnɯz,DCN[264],nhasa,false,,
KathmanduNewari-175_seven-1,,KathmanduNewari,175_seven,nhay,n̥ɔj,n̥ ɔ j,Japh.kɯɕnɯz,Kölver[192],nhasa,false,,
DolakhaNewari-175_seven-1,,DolakhaNewari,175_seven,nas,nɑs,n ɑ s,Japh.kɯɕnɯz,Genetti[532],nhasa,false,,
ClassicalNewari-176_sharp-1,,ClassicalNewari,176_sharp,khara,kʰɑr,kʰ ɑ r,"autre mots: jayāva, chāk(lié à chāṅ?)",DCN[72],khara/khala,true,,
ClassicalNewari-176_sharp-2,,ClassicalNewari,176_sharp,jeka,dʑek,dʑ e k,,DCN[155],jeka,false,,
ClassicalNewari-176_sharp-3,,ClassicalNewari,176_sharp,chāṅ,tɕʰaŋ,tɕʰ a ŋ,,DCN[64],chāṅ,false,,
KathmanduNewari-176_sharp-1,,KathmanduNewari,176_sharp,jal-,dʑɔl-,dʑ ɔ l,,Kölver[117],jar-,false,,
DolakhaNewari-176_sharp-1,,DolakhaNewari,176_sharp,jar-,dʑɑr-,dʑ ɑ r,,Genetti[528],jar-,false,,
ClassicalNewari-176_sharp-4,,ClassicalNewari,176_sharp,cvāmuse,tɕwamuse,tɕ w a m u s e,,DCN[129],cvāmuse,false,,
KathmanduNewari-176_sharp-2,,KathmanduNewari,176_sharp,cvāmu,tɕwamu,tɕ w a m u,,Kölver[95],cvāmuse,false,,
DolakhaNewari-176_sharp-2,,DolakhaNewari,176_sharp,cumbar-,tɕumbɑr-,tɕ u m b ɑ r,,Genetti[525],cumbar-,false,,
ClassicalNewari-178_toshootanarrow-1,,ClassicalNewari,178_toshootanarrow,ṅhyāya,ŋ̥jaje,ŋ̥ j a j e,,DCN[110],ṅhyāya/ṅhāya,false,,
KathmanduNewari-178_toshootanarrow-1,,KathmanduNewari,178_toshootanarrow,tāltyā kayke,taltja kɔjke,t a l t j a + k ɔ j k e,"tāltyā'target', to anticipate a target",Kölver[134],,false,,
ClassicalNewari-179_short-1,,ClassicalNewari,179_short,putihāka,putihak,p u t i h a k,"Deux racines: ci'small', pati.",DCN[290],putihāka,false,,
KathmanduNewari-179_short-1,,KathmanduNewari,179_short,putihākaḥ,putihakɔ:,p u t i h a k ɔ:,"Deux racines: ci'small', pati.",Kölver[212],putihāka,false,,
ClassicalNewari-179_short-2,,ClassicalNewari,179_short,ciki-dhika,tɕikidʰik,tɕ i k i dʰ i k,,DCN[119],cikudhik,false,,
KathmanduNewari-179_short-2,,KathmanduNewari,179_short,citvāḥ,tɕitwa:,tɕ i t w a:,,Kölver[87],citvāḥ,false,,
KathmanduNewari-179_short-3,,KathmanduNewari,179_short,cicāhāḥ,tɕitɕaha:,tɕ i tɕ a h a:,,Kölver[86],cicāhāḥ,false,,
OldNewari-180_theshoulder-1,,OldNewari,180_theshoulder,boharha,bohɑr̥ɑ,b o h ɑ r̥ ɑ,,DCN[345],bohol,false,,
ClassicalNewari-180_theshoulder-1,,ClassicalNewari,180_theshoulder,bvahol,bohol,b o h o l,,Jorg[132],bohol,false,,
KathmanduNewari-180_theshoulder-1,,KathmanduNewari,180_theshoulder,bvahaḥ,boha:,b o h a:,,Kölver[244],bohol,false,,
ClassicalNewari-180_theshoulder-2,,ClassicalNewari,180_theshoulder,bāhāl,bahal,b a h a l,,Jorg[125],bāhāl,false,,
KathmanduNewari-180_theshoulder-2,,KathmanduNewari,180_theshoulder,bāhā,baha,b a h a,,Kölver[234],bāhāl,false,,
KathmanduNewari-180_theshoulder-3,,KathmanduNewari,180_theshoulder,lukuṃ,lukũ,l u k ũ,,Kölver[293],lukuṃ,false,,
KathmanduNewari-180_theshoulder-4,,KathmanduNewari,180_theshoulder,pā,pa,p a,,Kölver[204],pā,false,,
ClassicalNewari-180_theshoulder-3,,ClassicalNewari,180_theshoulder,thalu,tʰɑlu,tʰ ɑ l u,,Jorg[85],thalu,false,,
OldNewari-180_theshoulder-2,,OldNewari,180_theshoulder,kaṃdha,kɑ̃dʰɑ,k ɑ̃ dʰ ɑ,,DCN[36],kaṃdha,false,,
ClassicalNewari-183_tosing-1,,ClassicalNewari,183_tosing,hār-,har-,h a r,,DCN[523],hār-,false,,
KathmanduNewari-183_tosing-1,,KathmanduNewari,183_tosing,hāl-,hal-,h a l,,Kölver[334],hār-,false,,
DolakhaNewari-183_tosing-1,,DolakhaNewari,183_tosing,hal-,hɑl-,h ɑ l,,Genetti[527],hār-,false,,
ClassicalNewari-183_tosing-2,,ClassicalNewari,183_tosing,gāye,gaje,g a j e,,DCN[85],gāye,false,,
OldNewari-184_six-1,,OldNewari,184_six,khu,kʰu,kʰ u,,DCN[76],khu,false,,
KathmanduNewari-184_six-1,,KathmanduNewari,184_six,khu,kʰu,kʰ u,,Kölver[56],khu,false,,
DolakhaNewari-184_six-1,,DolakhaNewari,184_six,khu,kʰu,kʰ u,,Genetti[530],khu,false,,
ClassicalNewari-185_theskin-1,,ClassicalNewari,185_theskin,chegulī,tɕʰeguli,tɕʰ e g u l i,,DCN[136],cheguri,false,,
KathmanduNewari-185_theskin-1,,KathmanduNewari,185_theskin,cheṃgū,tɕʰẽgu:,tɕʰ ẽ g u:,,Kölver[101],cheguri,false,,
DolakhaNewari-185_theskin-1,,DolakhaNewari,185_theskin,cheuri,tɕʰeuli,tɕʰ eu l i,,Genetti[525],cheguri,false,,
KathmanduNewari-185_theskin-2,,KathmanduNewari,185_theskin,syu,sju,s j u,,Kölver[325],si,false,,
KathmanduNewari-186_thesky-1,,KathmanduNewari,186_thesky,na,nɔ,n ɔ,emprunté(au sanskrit et maithili) sauf le Kathmandu,Kölver[180],na,false,,
OldNewari-187_tosleep-1,,OldNewari,187_tosleep,ḍyaṃñe,ɖẽɲe,ɖ ẽ ɲ e,,DCN[168],ḍen-,false,,
ClassicalNewari-187_tosleep-1,,ClassicalNewari,187_tosleep,den-,den-,d e n,,DCN[168],ḍen-,false,,
KathmanduNewari-187_tosleep-1,,KathmanduNewari,187_tosleep,den-,den-,d e n,,Kölver[170],ḍen-,false,,
DolakhaNewari-187_tosleep-1,,DolakhaNewari,187_tosleep,ḍin-,ɖin-,ɖ i n,,Genetti[526],ḍen-,false,,
OldNewari-188_small-1,,OldNewari,188_small,cā,tɕa,tɕ a,"cā ou ci- est la forme basique, sans doute relationné à OTib.tsa mo,OC.子(*ts- et *c- se sont confondus?); ou Japh.xtɕi",DCN[115],cā,false,,
ClassicalNewari-188_small-1,,ClassicalNewari,188_small,ca,tɕɑ,tɕ ɑ,"cā ou ci- est la forme basique, sans doute relationné à OTib.tsa mo,OC.子(*ts- et *c- se sont confondus?); ou Japh.xtɕi",Jorg[57],cā,false,,
DolakhaNewari-188_small-1,,DolakhaNewari,188_small,cicā-,tɕitɕa-,tɕ i tɕ a,"cā ou ci- est la forme basique, sans doute relationné à OTib.tsa mo,OC.子(*ts- et *c- se sont confondus?); ou Japh.xtɕi",Genetti[524],cā,false,,
ClassicalNewari-188_small-2,,ClassicalNewari,188_small,ciku,tɕiku,tɕ i k u,,DCN[119],ciku,false,,
KathmanduNewari-188_small-1,,KathmanduNewari,188_small,ciku,tɕiku,tɕ i k u,,Kölver[85],ciku,false,,
ClassicalNewari-189_tosmellperceiveodortransitive-1,,ClassicalNewari,189_tosmellperceiveodortransitive,naṃn-,nɑ̃n-,n ɑ̃ n,OTib.mnam,DCN[247],nan-,false,,
KathmanduNewari-189_tosmellperceiveodortransitive-1,,KathmanduNewari,189_tosmellperceiveodortransitive,na tune(na'smell'+tune'to expect'),nɔ,n ɔ,OTib.mnam,Kölver[180],nan-,false,,
ClassicalNewari-189_tosmellperceiveodortransitive-2,,ClassicalNewari,189_tosmellperceiveodortransitive,jā-(-n/-t?),dʑan,dʑ a n,,Jorg[69],jān/t-,false,,
ClassicalNewari-189_tosmellperceiveodortransitive-3,,ClassicalNewari,189_tosmellperceiveodortransitive,jā-(-n/-t?),t-,t,,Jorg[69],jān/t-,false,,
ClassicalNewari-189_tosmellperceiveodortransitive-4,,ClassicalNewari,189_tosmellperceiveodortransitive,sākoṅa/sāye,sakoŋɑ,s a k o ŋ ɑ,,DCN[488],sākoṅa/sāye,false,,
ClassicalNewari-189_tosmellperceiveodortransitive-5,,ClassicalNewari,189_tosmellperceiveodortransitive,sākoṅa/sāye,saje,s a j e,,DCN[488],sākoṅa/sāye,false,,
ClassicalNewari-190_thesmoke-1,,ClassicalNewari,190_thesmoke,kuṃ,kũ,k ũ,,DCN[51],kuṃ,false,,
KathmanduNewari-190_thesmoke-1,,KathmanduNewari,190_thesmoke,kuṃ,kũ,k ũ,,Kölver[37],kuṃ,false,,
DolakhaNewari-190_thesmoke-1,,DolakhaNewari,190_thesmoke,kuṃ,kũ,k ũ,,Genetti[529],kuṃ,false,,
OldNewari-192_thesnake-1,,OldNewari,192_thesnake,bī,bi,b i,OTib.sbrul,DCN[335],bi,false,,
ClassicalNewari-192_thesnake-1,,ClassicalNewari,192_thesnake,bi,bi,b i,OTib.sbrul,Jorg[125],bi,false,,
KathmanduNewari-192_thesnake-1,,KathmanduNewari,192_thesnake,bi,bi,b i,OTib.sbrul,Kölver[235],bi,false,,
DolakhaNewari-192_thesnake-1,,DolakhaNewari,192_thesnake,bi-kara,bi-kɑrɑ,b i k ɑ r ɑ,OTib.sbrul,Genetti[524],bi,false,,
KathmanduNewari-192_thesnake-2,,KathmanduNewari,192_thesnake,tāhāḥ,taha:,t a h a:,,Kölver[134],tāhāḥ,false,,
OldNewari-193_thesnow-1,,OldNewari,193_thesnow,cvāpvaṃ,tɕwapõ,tɕ w a p õ,pvā'hail',DCN[129],cvāpvaṃ,false,,
ClassicalNewari-193_thesnow-1,,ClassicalNewari,193_thesnow,cvāpo,tɕwapo,tɕ w a p o,pvā'hail',DCN[129],cvāpvaṃ,false,,
KathmanduNewari-193_thesnow-1,,KathmanduNewari,193_thesnow,cvāpu/pu,tɕwapu,tɕ w a p u,pvā'hail',Kölver[95],cvāpvaṃ,false,,
ClassicalNewari-197_thespider-1,,ClassicalNewari,197_thespider,pikhā,pikʰa,p i kʰ a,"Bizarrement, en Kathmandu, mākaḥcā pikhā veut dire ''spider's web''. Jorg 1936 a fait une erreur ?",Jorg[111],pikhā,false,,
KathmanduNewari-197_thespider-1,,KathmanduNewari,197_thespider,mākaḥcā/mākhācā,maka:tɕa,m a k a: tɕ a,,Kölver[261],mākaḥcā/mākhācā,false,,
ClassicalNewari-198_tospit-1,,ClassicalNewari,198_tospit,phutkāram/phutke,pʰutkarɑ̃,pʰ u t k a r ɑ̃,,DCN[311],phutkāram/phutke,false,,
ClassicalNewari-198_tospit-2,,ClassicalNewari,198_tospit,phutkāram/phutke,pʰutke,pʰ u t k e,,DCN[311],phutkāram/phutke,false,,
KathmanduNewari-198_tospit-1,,KathmanduNewari,198_tospit,lhvat-,l̥ot-,l̥ o t,,Kölver[299],phāt-,false,,
ClassicalNewari-199_tostand-1,,ClassicalNewari,199_tostand,dhɑn-,dʰan-,dʰ a n,,DCN[239],dhāne,false,,
KathmanduNewari-199_tostand-1,,KathmanduNewari,199_tostand,dhan-,dʰɔn-,dʰ ɔ n,,Kölver[173],dhāne,false,,
DolakhaNewari-199_tostand-1,,DolakhaNewari,199_tostand,ḍon-,ɖon-,ɖ o n,,Genetti[526],dhāne,false,,
ClassicalNewari-199_tostand-2,,ClassicalNewari,199_tostand,thaṃne,tʰɑ̃ne,tʰ ɑ̃ n e,*s- causatif,DCN[195],thaṃne,false,,
ClassicalNewari-199_tostand-3,,ClassicalNewari,199_tostand,dāne,dane,d a n e,,DCN[219],dāne,false,,
ClassicalNewari-200_thestar-1,,ClassicalNewari,200_thestar,nagati,nɑgɑti,n ɑ g ɑ t i,,DCN[248],nagu,true,,
KathmanduNewari-200_thestar-1,,KathmanduNewari,200_thestar,nagu,nɔgu,n ɔ g u,,Kölver[181],nagu,true,,
DolakhaNewari-200_thestar-1,,DolakhaNewari,200_thestar,nakti,nɑkti,n ɑ k t i,,Genetti[532],nagu,true,,
OldNewari-201_tosteal-1,,OldNewari,201_tosteal,khur-,kʰur-,kʰ u r,"OTib.rku, Japh.mɯrkɯ",DCN[77],khur-,false,,
ClassicalNewari-201_tosteal-1,,ClassicalNewari,201_tosteal,khur-,kʰur-,kʰ u r,"OTib.rku, Japh.mɯrkɯ",DCN[77],khur-,false,,
KathmanduNewari-201_tosteal-1,,KathmanduNewari,201_tosteal,khul-,kʰul-,kʰ u l,"OTib.rku, Japh.mɯrkɯ",Kölver[57],khur-,false,,
DolakhaNewari-201_tosteal-1,,DolakhaNewari,201_tosteal,khur-,kʰur-,kʰ u r,"OTib.rku, Japh.mɯrkɯ",Genetti[530],khur-,false,,
OldNewari-202_thestick-1,,OldNewari,202_thestick,kaṭhi,kɑʈʰi,k ɑ ʈʰ i,,DCN[37],kaṭhi,true,,
ClassicalNewari-202_thestick-1,,ClassicalNewari,202_thestick,kaṭhi,kɑtʰi,k ɑ tʰ i,,DCN[37],kaṭhi,true,,
KathmanduNewari-202_thestick-1,,KathmanduNewari,202_thestick,kathi,kɔtʰi,k ɔ tʰ i,,Kölver[26],kaṭhi,true,,
DolakhaNewari-202_thestick-1,,DolakhaNewari,202_thestick,kaṭhi,kɑʈʰi,k ɑ ʈʰ i,,Genetti[529],kaṭhi,true,,
ClassicalNewari-202_thestick-2,,ClassicalNewari,202_thestick,tutāma,tutam,t u t a m,,DCN[183],tutān/tutām,false,,
ClassicalNewari-202_thestick-3,,ClassicalNewari,202_thestick,nol,nol,n o l,,Jorg[103],nol,false,,
ClassicalNewari-202_thestick-4,,ClassicalNewari,202_thestick,thyaṃga,tʰẽg,tʰ ẽ g,,DCN[208],thyaṃga,false,,
OldNewari-203_thestoneapieceof-1,,OldNewari,203_thestoneapieceof,lvahaṃ,lohɑ̃,l o h ɑ̃,,DCN[451],lvahaṃ,false,,
ClassicalNewari-203_thestoneapieceof-1,,ClassicalNewari,203_thestoneapieceof,loṃha,lõhɑ,l õ h ɑ,,DCN[451],lvahaṃ,false,,
KathmanduNewari-203_thestoneapieceof-1,,KathmanduNewari,203_thestoneapieceof,lvahaṃ,lohɑ̃,l o h ɑ̃,,Kölver[297],lvahaṃ,false,,
DolakhaNewari-203_thestoneapieceof-1,,DolakhaNewari,203_thestoneapieceof,luṅā,luŋa,l u ŋ a,,Genetti[531],lvahaṃ,false,,
OldNewari-204_straight-1,,OldNewari,204_straight,soja,sodʑɑ,s o dʑ ɑ,straight-forward,DCN[507],soja,false,,
ClassicalNewari-204_straight-1,,ClassicalNewari,204_straight,ta-pyaṅ,tɑ-peŋ,t ɑ p e ŋ,,Jorg[76],tapyaṅ,false,,
KathmanduNewari-204_straight-1,,KathmanduNewari,204_straight,tapyāṃ,tɔpjã,t ɔ p j ã,,Kölver[127],tapyaṅ,false,,
DolakhaNewari-204_straight-1,,DolakhaNewari,204_straight,ṭikret-,ʈikret-,ʈ i k r e t,,Genetti[537],ṭikret-,false,,
ClassicalNewari-115_tolick-1,,ClassicalNewari,115_tolick,phel-,pʰel-,pʰ e l,,DCN[313],pher-,false,,
KathmanduNewari-115_tolick-1,,KathmanduNewari,115_tolick,phel-,pʰel-,pʰ e l,,Kölver[223],pher-,false,,
DolakhaNewari-115_tolick-1,,DolakhaNewari,115_tolick,phir-,pʰir-,pʰ i r,,Genetti[534],pher-,false,,
ClassicalNewari-205_thesun-1,,ClassicalNewari,205_thesun,ni,ni,n i,"OTib.nyi, OC.日",Jorg[101],ni,false,,
DolakhaNewari-205_thesun-1,,DolakhaNewari,205_thesun,nibār,nibar,n i b a r,"OTib.nyi, OC.日",Genetti[532],ni,false,,
KathmanduNewari-205_thesun-1,,KathmanduNewari,205_thesun,lū,lu:,l u:,rising sun',Kölver[295],lvi,false,,
ClassicalNewari-205_thesun-2,,ClassicalNewari,205_thesun,suruja,surudʑ,s u r u dʑ,,DCN[502],suruja,true,,
OldNewari-206_thetail-1,,OldNewari,206_thetail,mhepuṭa,m̥eputɑ,m̥ e p u t ɑ,,DCN[407],nhipot,false,,
ClassicalNewari-206_thetail-1,,ClassicalNewari,206_thetail,nhipota,n̥ipot,n̥ i p o t,,DCN[266],nhipot,false,,
KathmanduNewari-206_thetail-1,,KathmanduNewari,206_thetail,nhipaṃ,n̥ipɔ̃,n̥ i p ɔ̃,,Kölver[194],nhipot,false,,
DolakhaNewari-206_thetail-1,,DolakhaNewari,206_thetail,cumṭu,tɕumʈu,tɕ u m ʈ u,,Genetti[525],cumṭu,false,,
OldNewari-207_ten-1,,OldNewari,207_ten,jī,dʑi,dʑ i,jim- dans 11-19: jimcha；OC.十,DCN[149],ji,false,,
ClassicalNewari-207_ten-1,,ClassicalNewari,207_ten,jigo,dʑigo,dʑ i g o,jim- dans 11-19: jimcha；OC.十,DCN[148],ji,false,,
KathmanduNewari-207_ten-1,,KathmanduNewari,207_ten,jhiṃ,dʑʰĩ,dʑʰ ĩ,jim- dans 11-19: jimcha；OC.十,Kölver[121],ji,false,,
DolakhaNewari-207_ten-1,,DolakhaNewari,207_ten,j(h)i,dʑi,dʑ i,jim- dans 11-19: jimcha；OC.十,Genetti[528],ji,false,,
ClassicalNewari-210_thick-1,,ClassicalNewari,210_thick,khvātu,kʰwatu,kʰ w a t u,,DCN[81],khvātu,false,,
KathmanduNewari-210_thick-1,,KathmanduNewari,210_thick,khvātu,kʰwatu,kʰ w a t u,,Kölver[60],khvātu,false,,
DolakhaNewari-210_thick-1,,DolakhaNewari,210_thick,khwātar-,kʰwatɑr-,kʰ w a t ɑ r,,Genetti[530],khvātu,false,,
ClassicalNewari-210_thick-2,,ClassicalNewari,210_thick,tava-puyā,tɑwopuja,t ɑ w o p u j a,,Jorg[75],tawopuyā,false,,
DolakhaNewari-210_thick-2,,DolakhaNewari,210_thick,dyāmma,djammɑ,d j a m m ɑ,,Genetti[526],dyāmma,false,,
OldNewari-212_thinobject-1,,OldNewari,212_thinobject,sālu,salu,s a l u,"Autres mots en kathmandu: tāth, tiṃkhi, titaḥ, patalā(pataḥ), piyaḥ, , pyāthaḥ",DCN[491],sālu,false,,
DolakhaNewari-212_thinobject-1,,DolakhaNewari,212_thinobject,sālar-,salɑr-,s a l ɑ r,"Autres mots en kathmandu: tāth, tiṃkhi, titaḥ, patalā(pataḥ), piyaḥ, , pyāthaḥ",Genetti[535],sālu,false,,
ClassicalNewari-212_thinobject-1,,ClassicalNewari,212_thinobject,khina,kʰin,kʰ i n,,DCN[76],khina,false,,
ClassicalNewari-212_thinobject-2,,ClassicalNewari,212_thinobject,gaṃsimha,gãsim̥,g ã s i m̥,,Jorg[47],gaṃsimha,false,,
KathmanduNewari-212_thinobject-1,,KathmanduNewari,212_thinobject,cakūcā,tɕɔku:tɕa,tɕ ɔ k u: tɕ a,,Kölver[79],cakūcā/cakhūcā,false,,
KathmanduNewari-212_thinobject-2,,KathmanduNewari,212_thinobject,casī,tɕɔsi:,tɕ ɔ s i:,,Kölver[82],casī,false,,
KathmanduNewari-212_thinobject-3,,KathmanduNewari,212_thinobject,cipu,tɕipu,tɕ i p u,,Kölver[87],cipu,false,,
KathmanduNewari-212_thinobject-4,,KathmanduNewari,212_thinobject,tatti,tɔtti,t ɔ tt i,,Kölver[127],tatti,false,,
DolakhaNewari-212_thinobject-2,,DolakhaNewari,212_thinobject,gal-ai,gɑl-ɑj,g ɑ l ɑ j,,Genetti[526],gal-ai,true,,
OldNewari-213_tothinkreflect-1,,OldNewari,213_tothinkreflect,soca,sotɕɑ,s o tɕ ɑ,,DCN[507],soca,false,,
ClassicalNewari-213_tothinkreflect-1,,ClassicalNewari,213_tothinkreflect,hīye,hiye,h i j e,,DCN[525],hiye,false,,
KathmanduNewari-213_tothinkreflect-1,,KathmanduNewari,213_tothinkreflect,bhālape,bʰalɔpe,bʰ a l ɔ p e,,Kölver[248],bhālape,false,,
OldNewari-215_thousecondpersonsingular-1,,OldNewari,215_thousecondpersonsingular,cha,tɕʰɑ,tɕʰ ɑ,,DCN[129],cha/che,false,,
ClassicalNewari-215_thousecondpersonsingular-1,,ClassicalNewari,215_thousecondpersonsingular,cha,tɕʰɑ,tɕʰ ɑ,,DCN[129],cha/che,false,,
KathmanduNewari-215_thousecondpersonsingular-1,,KathmanduNewari,215_thousecondpersonsingular,cha,tɕʰɔ,tɕʰ ɔ,,Kölver[96],cha/che,false,,
DolakhaNewari-215_thousecondpersonsingular-1,,DolakhaNewari,215_thousecondpersonsingular,chi,tɕʰi,tɕʰ i,,Genetti[130],cha/che,false,,
OldNewari-216_three-1,,OldNewari,216_three,svaṃ,sõ,s õ,,DCN[513],svaṃ,false,,
ClassicalNewari-216_three-1,,ClassicalNewari,216_three,soṃ,sõ,s õ,,DCN[513],svaṃ,false,,
KathmanduNewari-216_three-1,,KathmanduNewari,216_three,sva/svaṃ,sõ,s õ,,Kölver[325],svaṃ,false,,
DolakhaNewari-216_three-1,,DolakhaNewari,216_three,soṃ,sõ,s õ,,Genetti[535],svaṃ,false,,
OldNewari-217_tothrow-1,,OldNewari,217_tothrow,vāye,waje,w a j e,,DCN[462],vāt-,false,,
ClassicalNewari-217_tothrow-1,,ClassicalNewari,217_tothrow,vāt/n-,wat,w a t,,DCN[462],vāt-,false,,
ClassicalNewari-217_tothrow-2,,ClassicalNewari,217_tothrow,vāt/n-,n-,n,,DCN[462],vāt-,false,,
OldNewari-217_tothrow-2,,OldNewari,217_tothrow,bhon-,bʰon-,bʰ o n,,Jorg[138],bhon-,false,,
KathmanduNewari-217_tothrow-1,,KathmanduNewari,217_tothrow,kayke,kɔjke,k ɔ j k e,,Kölver[28],kaker-,false,,
DolakhaNewari-217_tothrow-1,,DolakhaNewari,217_tothrow,kaker-,kɑker-,k ɑ k e r,,Genetti[528],kaker-,false,,
DolakhaNewari-217_tothrow-2,,DolakhaNewari,217_tothrow,ṅat-,ŋɑt-,ŋ ɑ t,,Genetti[532],ṅat-,false,,
DolakhaNewari-217_tothrow-3,,DolakhaNewari,217_tothrow,ṭin-,ʈin-,ʈ i n,,Genetti[537],ṭin-,false,,
ClassicalNewari-218_thethunder-1,,ClassicalNewari,218_thethunder,naṅā-gu,nɑŋa-gu,n ɑ ŋ a g u,na ṅāva/ṅāye(to thunder),Jorg[99],na,false,,
KathmanduNewari-218_thethunder-1,,KathmanduNewari,218_thethunder,na nyāye'to thunder',nɔ,n ɔ,na ṅāva/ṅāye(to thunder),Kölver[180],na,false,,
OldNewari-222_thetongue-1,,OldNewari,222_thetongue,me,me,m e,Situ.tɑɕmie,DCN[398],me,false,,
ClassicalNewari-222_thetongue-1,,ClassicalNewari,222_thetongue,me,me,m e,Situ.tɑɕmie,DCN[398],me,false,,
KathmanduNewari-222_thetongue-1,,KathmanduNewari,222_thetongue,me,me,m e,Situ.tɑɕmie,Kölver[269],me,false,,
DolakhaNewari-222_thetongue-1,,DolakhaNewari,222_thetongue,me,me,m e,Situ.tɑɕmie,Genetti[531],me,false,,
OldNewari-223_thetoothfront-1,,OldNewari,223_thetoothfront,vā,wa,w a,,DCN[460],vā,false,,
ClassicalNewari-223_thetoothfront-1,,ClassicalNewari,223_thetoothfront,vāṃ,wã,w ã,,DCN[460],vā,false,,
KathmanduNewari-223_thetoothfront-1,,KathmanduNewari,223_thetoothfront,vā,wa,w a,,Kölver[302],vā,false,,
DolakhaNewari-223_thetoothfront-1,,DolakhaNewari,223_thetoothfront,wā,wa,w a,,Genetti[537],vā,false,,
OldNewari-224_thetree-1,,OldNewari,224_thetree,śima,simɑ,s i m ɑ,"OTib.shing,OC.薪",DCN[469],si-,false,,
ClassicalNewari-224_thetree-1,,ClassicalNewari,224_thetree,śimā,sima,s i m a,"OTib.shing,OC.薪",DCN[469],si-,false,,
KathmanduNewari-224_thetree-1,,KathmanduNewari,224_thetree,si,si,s i,"OTib.shing,OC.薪",Kölver[314],si-,false,,
DolakhaNewari-224_thetree-1,,DolakhaNewari,224_thetree,simā,sima,s i m a,"OTib.shing,OC.薪",Genetti[535],si-,false,,
OldNewari-226_two-1,,OldNewari,226_two,ne,ne,n e,Aucune forme avec -s final en ON a été attestée,DCN[260],ne,false,,
KathmanduNewari-226_two-1,,KathmanduNewari,226_two,ni,ni,n i,Aucune forme avec -s final en ON a été attestée,Kölver[186],ne,false,,
DolakhaNewari-226_two-1,,DolakhaNewari,226_two,nis,nis,n i s,Aucune forme avec -s final en ON a été attestée,Genetti[532],ne,false,,
ClassicalNewari-227_tovomit-1,,ClassicalNewari,227_tovomit,lhol-,l̥ol-,l̥ o l,OTib.srul'decompose',Jorg[159],lhor-,false,,
KathmanduNewari-227_tovomit-1,,KathmanduNewari,227_tovomit,lhvat-,l̥ot-,l̥ o t,OTib.srul'decompose',Kölver[299],lhor-,false,,
DolakhaNewari-227_tovomit-1,,DolakhaNewari,227_tovomit,lor-,lor-,l o r,OTib.srul'decompose',Genetti[531],lhor-,false,,
OldNewari-228_towalk-1,,OldNewari,228_towalk,ṅāye,ŋaje,ŋ a j e,OTib.'gro ba  vs   jvaya,DCN[102],ṅāt-,false,,
KathmanduNewari-228_towalk-1,,KathmanduNewari,228_towalk,nyāt-,njat-,n j a t,OTib.'gro ba  vs   jvaya,Kölver[191],ṅāt-,false,,
ClassicalNewari-228_towalk-1,,ClassicalNewari,228_towalk,ur-,ur-,u r,,DCN[28],ur-,false,,
ClassicalNewari-228_towalk-2,,ClassicalNewari,228_towalk,cuye,tɕuje,tɕ u j e,,DCN[122],cuye,false,,
ClassicalNewari-228_towalk-3,,ClassicalNewari,228_towalk,jval-,dʑol-,dʑ o l,,Jorg[73],jval-,false,,
DolakhaNewari-228_towalk-1,,DolakhaNewari,228_towalk,liṅar-,liŋɑr-,l i ŋ ɑ r,,Genetti[530],liṅar-,false,,
OldNewari-229_thewater-1,,OldNewari,229_thewater,lāṃkhva,lãkʰo,l ã kʰ o,,DCN[435],laṃ,true,,
ClassicalNewari-229_thewater-1,,ClassicalNewari,229_thewater,laṃ,lɑ̃,l ɑ̃,,Jorg[151],laṃ,true,,
KathmanduNewari-229_thewater-1,,KathmanduNewari,229_thewater,laḥ,lɔ:,l ɔ:,,Kölver[284],laṃ,true,,
DolakhaNewari-229_thewater-1,,DolakhaNewari,229_thewater,lokhu,lokʰu,l o kʰ u,,Genetti[531],laṃ,true,,
ClassicalNewari-229_thewater-2,,ClassicalNewari,229_thewater,nā,na,n a,,Jorg[100],nā,false,,
KathmanduNewari-229_thewater-2,,KathmanduNewari,229_thewater,nāḥ,na:,n a:,,Kölver[186],nā,false,,
KathmanduNewari-229_thewater-3,,KathmanduNewari,229_thewater,āku,aku,a k u,,Kölver[12],āku,false,,
ClassicalNewari-231_wet-1,,ClassicalNewari,231_wet,pyāt-,pjat-,p j a t,,Jorg[300],pyāt-,false,,
KathmanduNewari-231_wet-1,,KathmanduNewari,231_wet,pyāt-,pjat-,p j a t,,Kölver[215],pyāt-,false,,
DolakhaNewari-231_wet-1,,DolakhaNewari,231_wet,pyāt-,pjat-,p j a t,,Genetti[534],pyāt-,false,,
ClassicalNewari-231_wet-2,,ClassicalNewari,231_wet,dāye,daje,d a j e,,DCN[220],dāye,false,,
KathmanduNewari-231_wet-2,,KathmanduNewari,231_wet,magaṃ,mɔgɔ̃,m ɔ g ɔ̃,,Kölver[256],magaṃ,false,,
ClassicalNewari-235_white-1,,ClassicalNewari,235_white,toiva,tojwo,t o j w o,,DCN[187],toy-,false,,
KathmanduNewari-235_white-1,,KathmanduNewari,235_white,tvayu,toju,t o j u,,Kölver[140],toy-,false,,
DolakhaNewari-235_white-1,,DolakhaNewari,235_white,twāer-,twaer-,t w ae r,,Genetti[536],toy-,false,,
OldNewari-236_who-1,,OldNewari,236_who,sū,su,s u,OTib.su,DCN[503],su,false,,
ClassicalNewari-236_who-1,,ClassicalNewari,236_who,su-kāna,su-kan,s u k a n,OTib.su,DCN[498],su,false,,
KathmanduNewari-236_who-1,,KathmanduNewari,236_who,su,su,s u,OTib.su,Kölver[319],su,false,,
OldNewari-236_who-2,,OldNewari,236_who,gvana,gonɑ,g o n ɑ,,DCN[95],gun-,false,,
ClassicalNewari-236_who-2,,ClassicalNewari,236_who,gva-mha,go-m̥ɑ,g o m̥ ɑ,,DCN[96],gun-,false,,
DolakhaNewari-236_who-1,,DolakhaNewari,236_who,gun(anim),gun,g u n,,Genetti[527],gun-,false,,
OldNewari-238_thewind-1,,OldNewari,238_thewind,phasa,pʰɑsɑ,pʰ ɑ s ɑ,,DCN[308],phasa,false,,
ClassicalNewari-238_thewind-1,,ClassicalNewari,238_thewind,phaśa,pʰɑs,pʰ ɑ s,,DCN[308],phasa,false,,
KathmanduNewari-238_thewind-1,,KathmanduNewari,238_thewind,phay,pʰɔj,pʰ ɔ j,,Kölver[218],phasa,false,,
DolakhaNewari-238_thewind-1,,DolakhaNewari,238_thewind,phasa,pʰɑsɑ,pʰ ɑ s ɑ,,Genetti[534],phasa,false,,
KathmanduNewari-238_thewind-2,,KathmanduNewari,238_thewind,hāvā,hawa,h a w a,,Kölver[334],hāvā,false,,
ClassicalNewari-239_thewing-1,,ClassicalNewari,239_thewing,pā,pa,p a,,Jorg[108],pā,false,,
KathmanduNewari-239_thewing-1,,KathmanduNewari,239_thewing,pā,pa,p a,,Kölver[204],pā,false,,
ClassicalNewari-239_thewing-2,,ClassicalNewari,239_thewing,lāphāta,lapʰatɑ,l a pʰ a t ɑ,,DCN[438],lāphāta,false,,
KathmanduNewari-239_thewing-2,,KathmanduNewari,239_thewing,papū,pɔpu:,p ɔ p u:,,Kölver[202],pa-,false,,
DolakhaNewari-239_thewing-1,,DolakhaNewari,239_thewing,pamṭu,pɑmʈu,p ɑ m ʈ u,,Genetti[533],pa-,false,,
OldNewari-242_thewoman-1,,OldNewari,242_thewoman,misā,misa,m i s a,,DCN[394],misā,false,,
ClassicalNewari-242_thewoman-1,,ClassicalNewari,242_thewoman,misā,misa,m i s a,,Jorg[144],misā,false,,
KathmanduNewari-242_thewoman-1,,KathmanduNewari,242_thewoman,misā,misa,m i s a,,Kölver[266],misā,false,,
DolakhaNewari-242_thewoman-1,,DolakhaNewari,242_thewoman,misā,misa,m i s a,,Genetti[531],misā,false,,
OldNewari-245_theyear-1,,OldNewari,245_theyear,daṃ,dɑ̃,d ɑ̃,,DCN[211],da,false,,
ClassicalNewari-245_theyear-1,,ClassicalNewari,245_theyear,daṃ,dɑ̃,d ɑ̃,,DCN[211],da,false,,
KathmanduNewari-245_theyear-1,,KathmanduNewari,245_theyear,daṃ,dɑ̃,d ɑ̃,,Kölver[157],da,false,,
DolakhaNewari-245_theyear-1,,DolakhaNewari,245_theyear,da-chi,dɑ-tɕʰi,d ɑ tɕʰ i,,Genetti[525],da,false,,
KathmanduNewari-245_theyear-2,,KathmanduNewari,245_theyear,sāl,sal,s a l,,Kölver[313],sālu,false,,
ClassicalNewari-246_yellow-1,,ClassicalNewari,246_yellow,mhāsu,m̥asu,m̥ a s u,,DCN[406],mhāsu,false,,
KathmanduNewari-246_yellow-1,,KathmanduNewari,246_yellow,mhāsu,m̥asu,m̥ a s u,,Kölver[272],mhāsu,false,,
DolakhaNewari-246_yellow-1,,DolakhaNewari,246_yellow,mwāsar-,mwasɑr-,m w a s ɑ r,,Genetti[532],mhāsu,false,,
ClassicalNewari-246_yellow-2,,ClassicalNewari,246_yellow,eyu,jeju,j e j u,,DCN[32],eyu,false,,
ClassicalNewari-3_theant-1,,ClassicalNewari,3_theant,sapāni,sɑpani,s ɑ p a n i,"sapāni veut dire 'a kind of small red ant' en Kathmandu, donc sans doute il s'agit aussi d'un type spécial de fourmis en ON",DCN[490],sapāni,false,,
KathmanduNewari-3_theant-1,,KathmanduNewari,3_theant,sapāni,sɑpani,s ɑ p a n i,"sapāni veut dire 'a kind of small red ant' en Kathmandu, donc sans doute il s'agit aussi d'un type spécial de fourmis en ON",Kölver[307],sapāni,false,,
ClassicalNewari-3_theant-2,,ClassicalNewari,3_theant,kumicā,kumica,k u m i c a,,DCN[54],kumicā,false,,
KathmanduNewari-3_theant-2,,KathmanduNewari,3_theant,kumicā,kumica,k u m i c a,,Kölver[40],kumicā,false,,
KathmanduNewari-3_theant-3,,KathmanduNewari,3_theant,nyāi,njaj,n j a j,,Kölver[190],nyāi,false,,
DolakhaNewari-3_theant-1,,DolakhaNewari,3_theant,ciku,tɕiku,tɕ i k u,(ON.ciku'small'),Genetti[525],ciku,false,,
OldNewari-240_towipe-1,,OldNewari,240_towipe,hur-,hur-,h u r,,DCN[525],hur-,false,,
ClassicalNewari-240_towipe-1,,ClassicalNewari,240_towipe,hur-,hur-,h u r,,DCN[525],hur-,false,,
KathmanduNewari-240_towipe-1,,KathmanduNewari,240_towipe,hul-,hul-,h u l,,Kölver[338],hur-,false,,
KathmanduNewari-240_towipe-2,,KathmanduNewari,240_towipe,pil-,pil-,p i l,,Kölver[210],pil-,false,,
ClassicalNewari-43_early-1,,ClassicalNewari,43_early,nhāpāṃ,n̥apã,n̥ a p ã,OTib.snga,DCN[265],nhāpāṃ,false,,
KathmanduNewari-43_early-1,,KathmanduNewari,43_early,nhāpā,n̥apã,n̥ a p ã,OTib.snga,Kölver[193],nhāpāṃ,false,,
ClassicalNewari-43_early-2,,ClassicalNewari,43_early,tevalaṃ,tewolã,t e w o l ã,,DCN[186],tevalaṃ,false,,
DolakhaNewari-43_early-1,,DolakhaNewari,43_early,suni,suni,s u n i,"morning, early to mid'",Genetti[535],suni,false,,
ClassicalNewari-110_late-1,,ClassicalNewari,110_late,li-bvāt-,li-bwat-,l i b w a t,,DCN[442],libāt-,false,,
KathmanduNewari-110_late-1,,KathmanduNewari,110_late,li-bāye,libaje,l i b a j e,,Kölver[291],libāt-,false,,
DolakhaNewari-110_late-1,,DolakhaNewari,110_late,libāt-,libat-,l i b a t,,Genetti[530],libāt-,false,,
DolakhaNewari-110_late-2,,DolakhaNewari,110_late,bicara,bitɕɑrɑ,b i tɕ ɑ r ɑ,,Genetti[524],bicara,true,,
ClassicalNewari-122_thelung-1,,ClassicalNewari,122_thelung,svaṃ,sõ,s õ,,Jorg[172],so,false,,
KathmanduNewari-122_thelung-1,,KathmanduNewari,122_thelung,svaṃ,sõ,s õ,,Kölver[325],so,false,,
KathmanduNewari-75_thegoat-1,,KathmanduNewari,75_thegoat,khasi,kʰɔsi,kʰ ɔ s i,"Selon DCN, colas veut dire'she-goat', mais Jorg 1936 suggère mā-colas pour exprimer le féminin.",Kölver[52],khasi,false,,
DolakhaNewari-75_thegoat-1,,DolakhaNewari,75_thegoat,khasi,kʰɑsi,kʰ ɑ s i,"Selon DCN, colas veut dire'she-goat', mais Jorg 1936 suggère mā-colas pour exprimer le féminin.",Genetti[530],khasi,false,,
OldNewari-75_thegoat-1,,OldNewari,75_thegoat,cvalasa,tɕolɑsɑ,tɕ o l ɑ s ɑ,,DCN[129],cvalasa,false,,
ClassicalNewari-75_thegoat-1,,ClassicalNewari,75_thegoat,corasa,tɕorɑs,tɕ o r ɑ s,,DCN[129],cvalasa,false,,
KathmanduNewari-75_thegoat-2,,KathmanduNewari,75_thegoat,cvalay,tɕolɔj,tɕ o l ɔ j,,Kölver[94],cvalasa,false,,
OldNewari-75_thegoat-2,,OldNewari,75_thegoat,dū,du,d u,male,DCN[230],du,false,,
ClassicalNewari-75_thegoat-2,,ClassicalNewari,75_thegoat,du-gu,du-gu,d u g u,male,DCN[230],du,false,,
KathmanduNewari-75_thegoat-3,,KathmanduNewari,75_thegoat,dugu,dugu,d u g u,male,Kölver[165],du,false,,
DolakhaNewari-75_thegoat-2,,DolakhaNewari,75_thegoat,duku,duku,d u k u,male,Genetti[526],du,false,,
ClassicalNewari-69_thefrog-1,,ClassicalNewari,69_thefrog,byāṅa,bjaŋ,b j a ŋ,,DCN[347],byāṅ,true,,
KathmanduNewari-69_thefrog-1,,KathmanduNewari,69_thefrog,byāṃ,bjã,b j ã,,Kölver[241],byāṅ,true,,
DolakhaNewari-69_thefrog-1,,DolakhaNewari,69_thefrog,kwākar-beṅ,kwakɑr-beŋ,k w a k ɑ r b e ŋ,,Genetti[529],byāṅ,true,,
OldNewari-211_thethigh-1,,OldNewari,211_thethigh,khalṛ,kʰɑli,kʰ ɑ l i,Jorg 1936 donne mesāl aussi  mais il n'est pas sûr du sens du mot.,DCN[73],khali,false,,
ClassicalNewari-211_thethigh-1,,ClassicalNewari,211_thethigh,khala,kʰɑl,kʰ ɑ l,Jorg 1936 donne mesāl aussi  mais il n'est pas sûr du sens du mot.,DCN[73],khali,false,,
KathmanduNewari-211_thethigh-1,,KathmanduNewari,211_thethigh,khampā,kʰɔmpa,kʰ ɔ m p a,Jorg 1936 donne mesāl aussi  mais il n'est pas sûr du sens du mot.,Kölver[51],khali,false,,
DolakhaNewari-211_thethigh-1,,DolakhaNewari,211_thethigh,khali,kʰɑli,kʰ ɑ l i,Jorg 1936 donne mesāl aussi  mais il n'est pas sûr du sens du mot.,Genetti[529],khali,false,,
ClassicalNewari-211_thethigh-2,,ClassicalNewari,211_thethigh,cheche,tɕʰetɕʰe,tɕʰ e tɕʰ e,,DCN[137],cheche,false,,
KathmanduNewari-211_thethigh-2,,KathmanduNewari,211_thethigh,jaṃ,dʑɔ̃,dʑ ɔ̃,,Kölver[105],jaṃ,false,,
KathmanduNewari-211_thethigh-3,,KathmanduNewari,211_thethigh,phaḥ,pʰɔ:,pʰ ɔ:,,Kölver[220],phaḥ,false,,
KathmanduNewari-211_thethigh-4,,KathmanduNewari,211_thethigh,pena,penɔ,p e n ɔ,,Kölver[214],pena,false,,
OldNewari-79_thehail-1,,OldNewari,79_thehail,pvā,pwa,p w a,"Situ.tajpa; tarpam: selon DCN, une étymologie de va,ya dans un mot est le groupe des consonnes initial: g-sum vs svaṃ.",DCN[305],pvaṃ,false,,
ClassicalNewari-79_thehail-1,,ClassicalNewari,79_thehail,pva,po,p o,"Situ.tajpa; tarpam: selon DCN, une étymologie de va,ya dans un mot est le groupe des consonnes initial: g-sum vs svaṃ.",Jorg[115],pvaṃ,false,,
KathmanduNewari-79_thehail-1,,KathmanduNewari,79_thehail,pvaṃ,põ,p õ,"Situ.tajpa; tarpam: selon DCN, une étymologie de va,ya dans un mot est le groupe des consonnes initial: g-sum vs svaṃ.",Kölver[215],pvaṃ,false,,
DolakhaNewari-79_thehail-1,,DolakhaNewari,79_thehail,poṃ,põ,p õ,"Situ.tajpa; tarpam: selon DCN, une étymologie de va,ya dans un mot est le groupe des consonnes initial: g-sum vs svaṃ.",Genetti[533],pvaṃ,false,,
KathmanduNewari-33_thedew-1,,KathmanduNewari,33_thedew,suti,suti,s u t i,"0 attestation, seulement trouvé en Kathmandu, et la forme est clairement dérivée de su'cloud; raindrop'",Kölver[321],suti,false,,
KathmanduNewari-33_thedew-2,,KathmanduNewari,33_thedew,vas,wos,w o s,,Kölver[301],vas,false,,
OldNewari-118_thelipthelips-1,,OldNewari,118_thelipthelips,śī,si,s i,,DCN[470],si,false,,
ClassicalNewari-118_thelipthelips-1,,ClassicalNewari,118_thelipthelips,mhuthu-si,m̥utʰu-si,m̥ u tʰ u s i,,DCN[407],si,false,,
KathmanduNewari-118_thelipthelips-1,,KathmanduNewari,118_thelipthelips,si,si,s i,,Kölver[314],si,false,,
OldNewari-129_morning-1,,OldNewari,129_morning,sunilā,sunila,s u n i l a,Beaucoup de mots dans ce sens sont formés à la base de su-,DCN[500],suni,false,,
ClassicalNewari-129_morning-1,,ClassicalNewari,129_morning,suthaṃ,sutʰɑ̃,s u tʰ ɑ̃,Beaucoup de mots dans ce sens sont formés à la base de su-,DCN[500],suni,false,,
DolakhaNewari-129_morning-1,,DolakhaNewari,129_morning,suni,suni,s u n i,Beaucoup de mots dans ce sens sont formés à la base de su-,Genetti[535],suni,false,,
ClassicalNewari-129_morning-2,,ClassicalNewari,129_morning,na,nɑ,n ɑ,,Jorg[98],na,false,,
KathmanduNewari-129_morning-1,,KathmanduNewari,129_morning,bānhi,ban̥i,b a n̥ i,,Kölver[233],bānhi,false,,
OldNewari-151_thepig-1,,OldNewari,151_thepig,phā,pʰa,pʰ a,OTib.phag,DCN[308],phā,false,,
ClassicalNewari-151_thepig-1,,ClassicalNewari,151_thepig,phā,pʰa,pʰ a,OTib.phag,DCN[308],phā,false,,
KathmanduNewari-151_thepig-1,,KathmanduNewari,151_thepig,phā,pʰa,pʰ a,OTib.phag,Kölver[220],phā,false,,
DolakhaNewari-151_thepig-1,,DolakhaNewari,151_thepig,phā,pʰa,pʰ a,OTib.phag,Genetti[534],phā,false,,
ClassicalNewari-6_thebamboo-1,,ClassicalNewari,6_thebamboo,paṃta,pɑ̃tɑ,p ɑ̃ t ɑ,,DCN[268],paṃta,false,,
KathmanduNewari-6_thebamboo-1,,KathmanduNewari,6_thebamboo,paṃ,pɔ̃,p ɔ̃,,Kölver[119],paṃta,false,,
DolakhaNewari-6_thebamboo-1,,DolakhaNewari,6_thebamboo,poṃṭa,põʈɑ,p õ ʈ ɑ,,Genetti[533],paṃta,false,,
ClassicalNewari-6_thebamboo-2,,ClassicalNewari,6_thebamboo,pak-si,pɑk-si,p ɑ k s i,,Jorg[105],paksi,false,,
OldNewari-195_theson-1,,OldNewari,195_theson,kāya,kaje,k a j e,,DCN[48],kāy,false,,
ClassicalNewari-195_theson-1,,ClassicalNewari,195_theson,kāy,kaj,k a j,,DCN[36],kāy,false,,
KathmanduNewari-195_theson-1,,KathmanduNewari,195_theson,kāy,kaj,k a j,,Kölver[34],kāy,false,,
DolakhaNewari-195_theson-1,,DolakhaNewari,195_theson,kae,kae,k ae,,Genetti[528],kāy,false,,
ClassicalNewari-70_thefrontfrontside-1,,ClassicalNewari,70_thefrontfrontside,ṅha-phucā,ŋ̥ɑ-pʰutɕa,ŋ̥ ɑ pʰ u tɕ a,OTib.snga,DCN[108],ṅha-,false,,
ClassicalNewari-70_thefrontfrontside-2,,ClassicalNewari,70_thefrontfrontside,piva,piwo,p i w o,,Jorg[111],piva,false,,
KathmanduNewari-70_thefrontfrontside-1,,KathmanduNewari,70_thefrontfrontside,khvāḥ(khvāla-),kʰwa:,kʰ w a:,,Kölver[61],khvāla-,false,,
DolakhaNewari-70_thefrontfrontside-1,,DolakhaNewari,70_thefrontfrontside,hākhena,hakʰenɑ,h a kʰ e n ɑ,,Genetti[527],hākhena,false,,
ClassicalNewari-58_theflea-1,,ClassicalNewari,58_theflea,kuśī,kusi,k u s i,"OTib.shig, OC.虱",DCN[55],kusi,false,,
KathmanduNewari-58_theflea-1,,KathmanduNewari,58_theflea,kusi,kusi,k u s i,"OTib.shig, OC.虱",Kölver[41],kusi,false,,
DolakhaNewari-58_theflea-1,,DolakhaNewari,58_theflea,kusi,kusi,k u s i,"OTib.shig, OC.虱",Genetti[529],kusi,false,,
ClassicalNewari-66_toforget-1,,ClassicalNewari,66_toforget,ma-laman-,mɑ-lɑmɑn-,m ɑ l ɑ m ɑ n,,DCN[381],ma-luman-,false,,
KathmanduNewari-66_toforget-1,,KathmanduNewari,66_toforget,lvaḥman-,lo:man-,l o: m a n,,Kölver[297],ma-luman-,false,,
DolakhaNewari-66_toforget-1,,DolakhaNewari,66_toforget,luṃmon(ker)-,lũmon(ker)-,l ũ m o n,,Genetti[531],ma-luman-,false,,
ClassicalNewari-66_toforget-2,,ClassicalNewari,66_toforget,ruramun-,rurɑmun-,r u r ɑ m u n,,DCN[428],ruramun-,false,,
OldNewari-127_middle-1,,OldNewari,127_middle,dathu,dɑtʰu,d ɑ tʰ u,base da-,Jorg[89],da-thu,false,,
ClassicalNewari-127_middle-1,,ClassicalNewari,127_middle,dathu,dɑtʰu,d ɑ tʰ u,base da-,DCN[223],da-thu,false,,
KathmanduNewari-127_middle-1,,KathmanduNewari,127_middle,dathu,dɔtʰu,d ɔ tʰ u,base da-,Kölver[158],da-thu,false,,
DolakhaNewari-127_middle-1,,DolakhaNewari,127_middle,dāti,dati,d a t i,base da-,Genetti[525],da-thu,false,,
ClassicalNewari-127_middle-2,,ClassicalNewari,127_middle,jaṃ,dʑɑ̃,dʑ ɑ̃,,Jorg[68],jaṃ,false,,
KathmanduNewari-127_middle-2,,KathmanduNewari,127_middle,jaṃ,dʑɔ̃,dʑ ɔ̃,,Kölver[105],jaṃ,false,,
ClassicalNewari-150_outside-1,,ClassicalNewari,150_outside,de,de,d e,"base de-, pi-",DCN[230],de,false,,
ClassicalNewari-150_outside-2,,ClassicalNewari,150_outside,pi(ṃ),pi,p i,,DCN[284],pi-,false,,
KathmanduNewari-150_outside-1,,KathmanduNewari,150_outside,pine,pine,p i n e,,Kölver[210],pi-,false,,
DolakhaNewari-150_outside-1,,DolakhaNewari,150_outside,pipāna,pinanɑ,p i n a n ɑ,,Genetti[533],pi-,false,,
ClassicalNewari-103_inside-1,,ClassicalNewari,103_inside,duhā,duha,d u h a,"base du-(dans duṃthu, duhā)",DCN[230],du-,false,,
KathmanduNewari-103_inside-1,,KathmanduNewari,103_inside,du-,du-,d u,"base du-(dans duṃthu, duhā)",Kölver[164],du-,false,,
DolakhaNewari-103_inside-1,,DolakhaNewari,103_inside,dupān,dupan,d u p a n,"base du-(dans duṃthu, duhā)",Genetti[526],du-,false,,
KathmanduNewari-103_inside-2,,KathmanduNewari,103_inside,sva,so,s o,,Kölver[325],sva,false,,
KathmanduNewari-103_inside-3,,KathmanduNewari,103_inside,bhitray,bʰitrɔj,bʰ i t r ɔ j,,Kölver[249],bhitray,false,,
ClassicalNewari-90_hightall-1,,ClassicalNewari,90_hightall,ta-omā,tɑ-woma,t ɑ w o m a,"Beaucoup de mots dans ce sens sont formés à la base de ta-: tājāo, tava, taomā",DCN[169],ta-,false,,
KathmanduNewari-90_hightall-1,,KathmanduNewari,90_hightall,taḥjāḥ,tɔ:dʑa:,t ɔ: dʑ a:,"Beaucoup de mots dans ce sens sont formés à la base de ta-: tājāo, tava, taomā",Kölver[130],ta-,false,,
DolakhaNewari-90_hightall-1,,DolakhaNewari,90_hightall,ṭāhāgar-,ʈahagɑr-,ʈ a h a g ɑ r,"Beaucoup de mots dans ce sens sont formés à la base de ta-: tājāo, tava, taomā",Genetti[537],ta-,false,,
KathmanduNewari-90_hightall-2,,KathmanduNewari,90_hightall,cvasi,tɕosi,tɕ o s i,,Kölver[94],cvasi,false,,
ClassicalNewari-82_hard-1,,ClassicalNewari,82_hard,chāka,tɕʰak,tɕʰ a k,,DCN[132],chāka,false,,
KathmanduNewari-82_hard-1,,KathmanduNewari,82_hard,chāḥ,tɕʰa:,tɕʰ a:,,Kölver[98],chāka,false,,
KathmanduNewari-82_hard-2,,KathmanduNewari,82_hard,karā,kɔra,k ɔ r a,,Kölver[28],karā,false,,
ClassicalNewari-82_hard-2,,ClassicalNewari,82_hard,kvācu,kwatɕu,k w a tɕ u,,Jorg[42],kvātu,false,,
KathmanduNewari-82_hard-3,,KathmanduNewari,82_hard,kvātu,kwatu,k w a t u,,Kölver[48],kvātu,false,,
ClassicalNewari-82_hard-3,,ClassicalNewari,82_hard,thākva,tʰako,tʰ a k o,,DCN[200],thākva,false,,
OldNewari-96_hot-1,,OldNewari,96_hot,kvākva,kwako,k w a k o,,DCN[66],kvākva,false,,
ClassicalNewari-96_hot-1,,ClassicalNewari,96_hot,kvāka,kwak,k w a k,,DCN[66],kvākva,false,,
ClassicalNewari-96_hot-2,,ClassicalNewari,96_hot,kvāt-,kwat-,k w a t,,DCN[66],kvāt-,false,,
KathmanduNewari-96_hot-1,,KathmanduNewari,96_hot,kvāḥ,kwa:,k w a:,,Kölver[49],kvāt-,false,,
DolakhaNewari-96_hot-1,,DolakhaNewari,96_hot,kwāt-,kwat-,k w a t,,Genetti[529],kvāt-,false,,
ClassicalNewari-96_hot-3,,ClassicalNewari,96_hot,lumu,lumu,l u m u,,Jorg[157],lumu,false,,
KathmanduNewari-96_hot-2,,KathmanduNewari,96_hot,āpā,apa,a p a,,Kölver[13],āpā,false,,
KathmanduNewari-96_hot-3,,KathmanduNewari,96_hot,garam,gɔrɔm,g ɔ r ɔ m,,Kölver[64],garam,false,,
KathmanduNewari-96_hot-4,,KathmanduNewari,96_hot,hāpāu,hapaw,h a p a w,,Kölver[333],hāpāu,false,,
ClassicalNewari-194_soft-1,,ClassicalNewari,194_soft,nāyu,nayu,n a j u,"Autres mots en Kathmandu: maluvā, syācu",Jorg[100],nāyu,false,,
KathmanduNewari-194_soft-1,,KathmanduNewari,194_soft,nāyu,nayu,n a j u,"Autres mots en Kathmandu: maluvā, syācu",Kölver[185],nāyu,false,,
KathmanduNewari-194_soft-2,,KathmanduNewari,194_soft,kyātu,kyatu,k j a t u,,Kölver[42],kyātu,false,,
DolakhaNewari-194_soft-1,,DolakhaNewari,194_soft,kyātar-,kyatɑr-,k j a t ɑ r,,Genetti[529],kyātu,false,,
KathmanduNewari-194_soft-3,,KathmanduNewari,194_soft,bhvāsā,bʰwasa,bʰ w a s a,,Kölver[255],bhvāsā,false,,
ClassicalNewari-117_lightofweight-1,,ClassicalNewari,117_lightofweight,yāṅu,jaŋu,j a ŋ u,,Jorg[149],yāṅu,false,,
KathmanduNewari-117_lightofweight-1,,KathmanduNewari,117_lightofweight,yāuṃ,jãũ,j ãũ,,Kölver[275],yāṅu,false,,
DolakhaNewari-117_lightofweight-1,,DolakhaNewari,117_lightofweight,yeṃgar-,jẽgɑr-,j ẽ g ɑ r,,Genetti[538],yāṅu,false,,
OldNewari-21_toburnintransitive-1,,OldNewari,21_toburnintransitive,cyāt-,tɕat-,tɕ a t,,DCN[128],cyāt-,false,,
KathmanduNewari-21_toburnintransitive-1,,KathmanduNewari,21_toburnintransitive,cyāke,tɕake,tɕ a k e,,Kölver[92],cyāt-,false,,
DolakhaNewari-21_toburnintransitive-1,,DolakhaNewari,21_toburnintransitive,cyāt-,tɕjat-,tɕ j a t,,Genetti[525],cyāt-,false,,
ClassicalNewari-21_toburnintransitive-1,,ClassicalNewari,21_toburnintransitive,naye,nɑje,n ɑ j e,,DCN[247],naye,false,,
ClassicalNewari-21_toburnintransitive-2,,ClassicalNewari,21_toburnintransitive,chor-,tɕʰor-,tɕʰ o r,,DCN[139],chor-,false,,
KathmanduNewari-21_toburnintransitive-2,,KathmanduNewari,21_toburnintransitive,chval-,tɕʰol-,tɕʰ o l,,Kölver[104],chor-,false,,
DolakhaNewari-21_toburnintransitive-2,,DolakhaNewari,21_toburnintransitive,chor-,tɕʰor-,tɕʰ o r,,Genetti[525],chor-,false,,
KathmanduNewari-21_toburnintransitive-3,,KathmanduNewari,21_toburnintransitive,kval-,kol-,k o l,,Kölver[46],kval-,false,,
ClassicalNewari-135_themud-1,,ClassicalNewari,135_themud,nāl,nal,n a l,"nāhā(attesté très récent : moss, green scum on the water,mud; pourtant,'name of a plant' dans DCN)",Jorg[100],nāl,false,,
KathmanduNewari-135_themud-1,,KathmanduNewari,135_themud,dhyācyā,dʰjatɕa,dʰ j a tɕ a,,Kölver[179],dhyācyā,false,,
OldNewari-250_theshit-1,,OldNewari,250_theshit,khī,kʰi,kʰ i,OC.屎,DCN[76],khi,false,,
ClassicalNewari-250_theshit-1,,ClassicalNewari,250_theshit,khī,kʰi,kʰ i,OC.屎,DCN[76],khi,false,,
KathmanduNewari-250_theshit-1,,KathmanduNewari,250_theshit,khi,kʰi,kʰ i,OC.屎,Kölver[55],khi,false,,
DolakhaNewari-250_theshit-1,,DolakhaNewari,250_theshit,khi,kʰi,kʰ i,OC.屎,Genetti[530],khi,false,,
